id,age,bp,sg,al,su,rbc,pc,pcc,ba,bgr,bu,sc,sod,pot,hemo,pcv,wc,rc,htn,dm,cad,appet,pe,ane,classification,smoker,ckd_stage,username,email,password,phone_number
0,48.0,80.0,1.02,1.0,0.0,normal,normal,notpresent,notpresent,121.0,36.0,1.2,138.0,4.4,15.4,44.0,7800.0,5.2,yes,yes,no,good,no,no,ckd,no,Stage 3,user1,user1@example.com,password123,+639453320721
1,7.0,50.0,1.02,4.0,0.0,normal,normal,notpresent,notpresent,121.0,18.0,0.8,138.0,4.4,11.3,38.0,6000.0,4.8,no,no,no,good,no,no,ckd,no,Stage 1-2,user2,user2@example.com,password123,+639967045800
2,62.0,80.0,1.01,2.0,3.0,normal,normal,notpresent,notpresent,423.0,53.0,1.8,138.0,4.4,9.6,31.0,7500.0,4.8,no,yes,no,poor,no,yes,ckd,no,Stage 3,user3,user3@example.com,password123,+639236857965
3,48.0,70.0,1.005,4.0,0.0,normal,abnormal,present,notpresent,117.0,56.0,3.8,111.0,2.5,11.2,32.0,6700.0,3.9,yes,no,no,poor,yes,yes,ckd,no,Stage 4,user4,user4@example.com,password123,+639620893370
4,51.0,80.0,1.01,2.0,0.0,normal,normal,notpresent,notpresent,106.0,26.0,1.4,138.0,4.4,11.6,35.0,7300.0,4.6,no,no,no,good,no,no,ckd,yes,Stage 3,user5,user5@example.com,password123,+639754003047
5,60.0,90.0,1.015,3.0,0.0,normal,normal,notpresent,notpresent,74.0,25.0,1.1,142.0,3.2,12.2,39.0,7800.0,4.4,yes,yes,no,good,yes,no,ckd,no,Stage 1-2,user6,user6@example.com,password123,+639837265140
6,68.0,70.0,1.01,0.0,0.0,normal,normal,notpresent,notpresent,100.0,54.0,24.0,104.0,4.0,12.4,36.0,8000.0,4.8,no,no,no,good,no,no,ckd,no,Stage 5,user7,user7@example.com,password123,+639482519525
7,24.0,80.0,1.015,2.0,4.0,normal,abnormal,notpresent,notpresent,410.0,31.0,1.1,138.0,4.4,12.4,44.0,6900.0,5.0,no,yes,no,good,yes,no,ckd,no,Stage 1-2,user8,user8@example.com,password123,+639784818916
8,52.0,100.0,1.015,3.0,0.0,normal,abnormal,present,notpresent,138.0,60.0,1.9,138.0,4.4,10.8,33.0,9600.0,4.0,yes,yes,no,good,no,yes,ckd,yes,Stage 3,user9,user9@example.com,password123,+639246227077
9,53.0,90.0,1.02,2.0,0.0,abnormal,abnormal,present,notpresent,70.0,107.0,7.2,114.0,3.7,9.5,29.0,12100.0,3.7,yes,yes,no,poor,no,yes,ckd,no,Stage 5,user10,user10@example.com,password123,+639836888335
10,50.0,60.0,1.01,2.0,4.0,normal,abnormal,present,notpresent,490.0,55.0,4.0,138.0,4.4,9.4,28.0,8000.0,4.8,yes,yes,no,good,no,yes,ckd,yes,Stage 4,user11,user11@example.com,password123,+639247489473
11,63.0,70.0,1.01,3.0,0.0,abnormal,abnormal,present,notpresent,380.0,60.0,2.7,131.0,4.2,10.8,32.0,4500.0,3.8,yes,yes,no,poor,yes,no,ckd,no,Stage 4,user12,user12@example.com,password123,+639125105376
12,68.0,70.0,1.015,3.0,1.0,normal,normal,present,notpresent,208.0,72.0,2.1,138.0,5.8,9.7,28.0,12200.0,3.4,yes,yes,yes,poor,yes,no,ckd,no,Stage 4,user13,user13@example.com,password123,+639721209790
13,68.0,70.0,1.02,0.0,0.0,normal,normal,notpresent,notpresent,98.0,86.0,4.6,135.0,3.4,9.8,40.0,8000.0,4.8,yes,yes,yes,poor,yes,no,ckd,no,Stage 4,user14,user14@example.com,password123,+639346198945
14,68.0,80.0,1.01,3.0,2.0,normal,abnormal,present,present,157.0,90.0,4.1,130.0,6.4,5.6,16.0,11000.0,2.6,yes,yes,yes,poor,yes,no,ckd,yes,Stage 4,user15,user15@example.com,password123,+639181537384
15,40.0,80.0,1.015,3.0,0.0,normal,normal,notpresent,notpresent,76.0,162.0,9.6,141.0,4.9,7.6,24.0,3800.0,2.8,yes,no,no,good,no,yes,ckd,yes,Stage 5,user16,user16@example.com,password123,+639894918218
16,47.0,70.0,1.015,2.0,0.0,normal,normal,notpresent,notpresent,99.0,46.0,2.2,138.0,4.1,12.6,40.0,8000.0,4.8,no,no,no,good,no,no,ckd,no,Stage 4,user17,user17@example.com,password123,+639984146724
17,47.0,80.0,1.02,0.0,0.0,normal,normal,notpresent,notpresent,114.0,87.0,5.2,139.0,3.7,12.1,40.0,8000.0,4.8,yes,no,no,poor,no,no,ckd,yes,Stage 5,user18,user18@example.com,password123,+639338331349
18,60.0,100.0,1.025,0.0,3.0,normal,normal,notpresent,notpresent,263.0,27.0,1.3,135.0,4.3,12.7,37.0,11400.0,4.3,yes,yes,yes,good,no,no,ckd,no,Stage 3,user19,user19@example.com,password123,+639326428625
19,62.0,60.0,1.015,1.0,0.0,normal,abnormal,present,notpresent,100.0,31.0,1.6,138.0,4.4,10.3,30.0,5300.0,3.7,yes,no,yes,good,no,no,ckd,no,Stage 3,user20,user20@example.com,password123,+639410317219
20,61.0,80.0,1.015,2.0,0.0,abnormal,abnormal,notpresent,notpresent,173.0,148.0,3.9,135.0,5.2,7.7,24.0,9200.0,3.2,yes,yes,yes,poor,yes,yes,ckd,yes,Stage 4,user21,user21@example.com,password123,+639828896881
21,60.0,90.0,1.02,0.0,0.0,normal,normal,notpresent,notpresent,121.0,180.0,76.0,4.5,4.4,10.9,32.0,6200.0,3.6,yes,yes,yes,good,no,no,ckd,yes,Stage 5,user22,user22@example.com,password123,+639943518270
22,48.0,80.0,1.025,4.0,0.0,normal,abnormal,notpresent,notpresent,95.0,163.0,7.7,136.0,3.8,9.8,32.0,6900.0,3.4,yes,no,no,good,no,yes,ckd,no,Stage 5,user23,user23@example.com,password123,+639380129560
23,21.0,70.0,1.01,0.0,0.0,normal,normal,notpresent,notpresent,121.0,42.0,1.3,138.0,4.4,12.65,40.0,8000.0,4.8,no,no,no,poor,no,yes,ckd,no,Stage 3,user24,user24@example.com,password123,+639487502157
24,42.0,100.0,1.015,4.0,0.0,normal,abnormal,notpresent,present,121.0,50.0,1.4,129.0,4.0,11.1,39.0,8300.0,4.6,yes,no,no,poor,no,no,ckd,yes,Stage 3,user25,user25@example.com,password123,+639208116942
25,61.0,60.0,1.025,0.0,0.0,normal,normal,notpresent,notpresent,108.0,75.0,1.9,141.0,5.2,9.9,29.0,8400.0,3.7,yes,yes,no,good,no,yes,ckd,no,Stage 3,user26,user26@example.com,password123,+639625743567
26,75.0,80.0,1.015,0.0,0.0,normal,normal,notpresent,notpresent,156.0,45.0,2.4,140.0,3.4,11.6,35.0,10300.0,4.0,yes,yes,no,poor,no,no,ckd,yes,Stage 4,user27,user27@example.com,password123,+639967181416
27,69.0,70.0,1.01,3.0,4.0,normal,abnormal,notpresent,notpresent,264.0,87.0,2.7,130.0,4.0,12.5,37.0,9600.0,4.1,yes,yes,yes,good,yes,no,ckd,yes,Stage 4,user28,user28@example.com,password123,+639568849006
28,75.0,70.0,1.02,1.0,3.0,normal,normal,notpresent,notpresent,123.0,31.0,1.4,138.0,4.4,12.65,40.0,8000.0,4.8,no,yes,no,good,no,no,ckd,yes,Stage 3,user29,user29@example.com,password123,+639283747303
29,68.0,70.0,1.005,1.0,0.0,abnormal,abnormal,present,notpresent,121.0,28.0,1.4,138.0,4.4,12.9,38.0,8000.0,4.8,no,no,yes,good,no,no,ckd,no,Stage 3,user30,user30@example.com,password123,+639404740876
30,55.0,70.0,1.02,0.0,0.0,normal,normal,notpresent,notpresent,93.0,155.0,7.3,132.0,4.9,12.65,40.0,8000.0,4.8,yes, yes,no,good,no,no,ckd,yes,Stage 5,user31,user31@example.com,password123,+639446419312
31,73.0,90.0,1.015,3.0,0.0,normal,abnormal,present,notpresent,107.0,33.0,1.5,141.0,4.6,10.1,30.0,7800.0,4.0,no,no,no,poor,no,no,ckd,no,Stage 3,user32,user32@example.com,password123,+639836410987
32,61.0,90.0,1.01,1.0,1.0,normal,normal,notpresent,notpresent,159.0,39.0,1.5,133.0,4.9,11.3,34.0,9600.0,4.0,yes,yes,no,poor,no,no,ckd,yes,Stage 3,user33,user33@example.com,password123,+639537344046
33,60.0,100.0,1.02,2.0,0.0,abnormal,abnormal,notpresent,notpresent,140.0,55.0,2.5,138.0,4.4,10.1,29.0,8000.0,4.8,yes,no,no,poor,no,no,ckd,no,Stage 4,user34,user34@example.com,password123,+639750974305
34,70.0,70.0,1.01,1.0,0.0,normal,normal,present,present,171.0,153.0,5.2,138.0,4.4,12.65,40.0,8000.0,4.8,no,yes,no,poor,no,no,ckd,yes,Stage 5,user35,user35@example.com,password123,+639794153977
35,65.0,90.0,1.02,2.0,1.0,abnormal,normal,notpresent,notpresent,270.0,39.0,2.0,138.0,4.4,12.0,36.0,9800.0,4.9,yes,yes,no,poor,no,yes,ckd,no,Stage 4,user36,user36@example.com,password123,+639766057089
36,76.0,70.0,1.015,1.0,0.0,normal,normal,notpresent,notpresent,92.0,29.0,1.8,133.0,3.9,10.3,32.0,8000.0,4.8,yes,no,no,good,no,no,ckd,no,Stage 3,user37,user37@example.com,password123,+639107935052
37,72.0,80.0,1.02,0.0,0.0,normal,normal,notpresent,notpresent,137.0,65.0,3.4,141.0,4.7,9.7,28.0,6900.0,2.5,yes,yes,no,poor,no,yes,ckd	,yes,Stage 4,user38,user38@example.com,password123,+639331908721
38,69.0,80.0,1.02,3.0,0.0,abnormal,normal,notpresent,notpresent,121.0,103.0,4.1,132.0,5.9,12.5,40.0,8000.0,4.8,yes,no,no,good,no,no,ckd,no,Stage 4,user39,user39@example.com,password123,+639467228106
39,82.0,80.0,1.01,2.0,2.0,normal,normal,notpresent,notpresent,140.0,70.0,3.4,136.0,4.2,13.0,40.0,9800.0,4.2,yes,yes,no,good,no,no,ckd,no,Stage 4,user40,user40@example.com,password123,+639946087128
40,46.0,90.0,1.01,2.0,0.0,normal,abnormal,notpresent,notpresent,99.0,80.0,2.1,138.0,4.4,11.1,32.0,9100.0,4.1,yes,no,	no,good,no,no,ckd,no,Stage 4,user41,user41@example.com,password123,+639680148223
41,45.0,70.0,1.01,0.0,0.0,normal,normal,notpresent,notpresent,121.0,20.0,0.7,138.0,4.4,12.65,40.0,8000.0,4.8,no,no,no,good,yes,no,ckd,no,Stage 1-2,user42,user42@example.com,password123,+639536038928
42,47.0,100.0,1.01,0.0,0.0,normal,normal,notpresent,notpresent,204.0,29.0,1.0,139.0,4.2,9.7,33.0,9200.0,4.5,yes,no,no,good,no,yes,ckd,no,Stage 1-2,user43,user43@example.com,password123,+639623890262
43,35.0,80.0,1.01,1.0,0.0,abnormal,normal,notpresent,notpresent,79.0,202.0,10.8,134.0,3.4,7.9,24.0,7900.0,3.1,no,yes,no,good,no,no,ckd,yes,Stage 5,user44,user44@example.com,password123,+639859088762
44,54.0,80.0,1.01,3.0,0.0,abnormal,abnormal,notpresent,notpresent,207.0,77.0,6.3,134.0,4.8,9.7,28.0,8000.0,4.8,yes,yes,no,poor,yes,no,ckd,yes,Stage 5,user45,user45@example.com,password123,+639932058955
45,54.0,80.0,1.02,3.0,0.0,normal,abnormal,notpresent,notpresent,208.0,89.0,5.9,130.0,4.9,9.3,40.0,8000.0,4.8,yes,yes,no,poor,yes,no,ckd,no,Stage 5,user46,user46@example.com,password123,+639767738382
46,48.0,70.0,1.015,0.0,0.0,normal,normal,notpresent,notpresent,124.0,24.0,1.2,142.0,4.2,12.4,37.0,6400.0,4.7,no,yes,no,good,no,no,ckd,no,Stage 3,user47,user47@example.com,password123,+639297740563
47,11.0,80.0,1.01,3.0,0.0,normal,normal,notpresent,notpresent,121.0,17.0,0.8,138.0,4.4,15.0,45.0,8600.0,4.8,no,no,no,good,no,no,ckd,yes,Stage 1-2,user48,user48@example.com,password123,+639209634482
48,73.0,70.0,1.005,0.0,0.0,normal,normal,notpresent,notpresent,70.0,32.0,0.9,125.0,4.0,10.0,29.0,18900.0,3.5,yes,yes,no,good,yes,no,ckd,no,Stage 1-2,user49,user49@example.com,password123,+639556042970
49,60.0,70.0,1.01,2.0,0.0,normal,abnormal,present,notpresent,144.0,72.0,3.0,138.0,4.4,9.7,29.0,21600.0,3.5,yes,yes,no,poor,no,yes,ckd,no,Stage 4,user50,user50@example.com,password123,+639319856673
50,53.0,60.0,1.02,0.0,0.0,normal,normal,notpresent,notpresent,91.0,114.0,3.25,142.0,4.3,8.6,28.0,11000.0,3.8,yes,yes,no,poor,yes,yes,ckd,yes,Stage 4,user51,user51@example.com,password123,+639661350223
51,54.0,100.0,1.015,3.0,0.0,normal,normal,present,notpresent,162.0,66.0,1.6,136.0,4.4,10.3,33.0,8000.0,4.8,yes,yes,no,poor,yes,no,ckd,no,Stage 3,user52,user52@example.com,password123,+639186418701
52,53.0,90.0,1.015,0.0,0.0,normal,normal,notpresent,notpresent,121.0,38.0,2.2,138.0,4.4,10.9,34.0,4300.0,3.7,no,no,no,poor,no,yes,ckd,no,Stage 4,user53,user53@example.com,password123,+639837225736
53,62.0,80.0,1.015,0.0,5.0,normal,normal,notpresent,notpresent,246.0,24.0,1.0,138.0,4.4,13.6,40.0,8500.0,4.7,yes,yes,no,good,no,no,ckd,no,Stage 1-2,user54,user54@example.com,password123,+639479650546
54,63.0,80.0,1.01,2.0,2.0,normal,normal,notpresent,notpresent,121.0,42.0,3.4,136.0,4.2,13.0,40.0,9800.0,4.2,yes,no,yes,good,no,no,ckd,no,Stage 4,user55,user55@example.com,password123,+639243875424
55,35.0,80.0,1.005,3.0,0.0,abnormal,normal,notpresent,notpresent,121.0,42.0,1.3,138.0,4.4,9.5,28.0,8000.0,4.8,no,no,no,good,yes,no,ckd,no,Stage 3,user56,user56@example.com,password123,+639466319999
56,76.0,70.0,1.015,3.0,4.0,normal,abnormal,present,notpresent,121.0,164.0,9.7,131.0,4.4,10.2,30.0,11300.0,3.4,yes,yes,yes,poor,yes,no,ckd,yes,Stage 5,user57,user57@example.com,password123,+639637714016
57,76.0,90.0,1.02,0.0,0.0,normal,normal,notpresent,notpresent,93.0,155.0,7.3,132.0,4.9,12.65,40.0,8000.0,4.8,yes,yes,yes,poor,no,no,ckd,yes,Stage 5,user58,user58@example.com,password123,+639382239883
58,73.0,80.0,1.02,2.0,0.0,abnormal,abnormal,notpresent,notpresent,253.0,142.0,4.6,138.0,5.8,10.5,33.0,7200.0,4.3,yes,yes,yes,good,no,no,ckd,yes,Stage 4,user59,user59@example.com,password123,+639988864395
59,59.0,100.0,1.02,0.0,0.0,normal,normal,notpresent,notpresent,121.0,96.0,6.4,138.0,4.4,6.6,40.0,8000.0,4.8,yes,yes,no,good,no,yes,ckd,no,Stage 5,user60,user60@example.com,password123,+639343656738
60,67.0,90.0,1.02,1.0,0.0,normal,abnormal,present,notpresent,141.0,66.0,3.2,138.0,6.6,12.65,40.0,8000.0,4.8,yes,no,no,good,no,no,ckd,no,Stage 4,user61,user61@example.com,password123,+639922574038
61,67.0,80.0,1.01,1.0,3.0,normal,abnormal,notpresent,notpresent,182.0,391.0,32.0,163.0,39.0,12.65,40.0,8000.0,4.8,no,no,no,good,yes,no,ckd,yes,Stage 5,user62,user62@example.com,password123,+639973603659
62,15.0,60.0,1.02,3.0,0.0,normal,normal,notpresent,notpresent,86.0,15.0,0.6,138.0,4.0,11.0,33.0,7700.0,3.8,yes,yes,no,good,no,no,ckd,no,Stage 1-2,user63,user63@example.com,password123,+639415595317
63,46.0,70.0,1.015,1.0,0.0,abnormal,normal,notpresent,notpresent,150.0,111.0,6.1,131.0,3.7,7.5,27.0,8000.0,4.8,no,no,no,good,no,yes,ckd,no,Stage 5,user64,user64@example.com,password123,+639116534117
64,55.0,80.0,1.01,0.0,0.0,normal,normal,notpresent,notpresent,146.0,42.0,1.3,138.0,4.4,9.8,40.0,8000.0,4.8,no,no,	no,good,no,no,ckd,yes,Stage 3,user65,user65@example.com,password123,+639432882135
65,44.0,90.0,1.01,1.0,0.0,normal,normal,notpresent,notpresent,121.0,20.0,1.1,138.0,4.4,15.0,48.0,8000.0,4.8,no,	no,no,good,no,no,ckd,no,Stage 1-2,user66,user66@example.com,password123,+639500111816
66,67.0,70.0,1.02,2.0,0.0,abnormal,normal,notpresent,notpresent,150.0,55.0,1.6,131.0,4.8,12.65,40.0,8000.0,4.8,yes,yes,no,good,yes,no,ckd,yes,Stage 3,user67,user67@example.com,password123,+639998511815
67,45.0,80.0,1.02,3.0,0.0,normal,abnormal,notpresent,notpresent,425.0,42.0,1.3,138.0,4.4,12.65,40.0,8000.0,4.8,no,no,no,poor,no,no,ckd,no,Stage 3,user68,user68@example.com,password123,+639845611031
68,65.0,70.0,1.01,2.0,0.0,normal,normal,present,notpresent,112.0,73.0,3.3,138.0,4.4,10.9,37.0,8000.0,4.8,no,no,no,good,no,no,ckd,no,Stage 4,user69,user69@example.com,password123,+639776497054
69,26.0,70.0,1.015,0.0,4.0,normal,normal,notpresent,notpresent,250.0,20.0,1.1,138.0,4.4,15.6,52.0,6900.0,6.0,no,yes,no,good,no,no,ckd,no,Stage 1-2,user70,user70@example.com,password123,+639972740471
70,61.0,80.0,1.015,0.0,4.0,normal,normal,notpresent,notpresent,360.0,19.0,0.7,137.0,4.4,15.2,44.0,8300.0,5.2,yes,yes,no,good,no,no,ckd,no,Stage 1-2,user71,user71@example.com,password123,+639986937395
71,46.0,60.0,1.01,1.0,0.0,normal,normal,notpresent,notpresent,163.0,92.0,3.3,141.0,4.0,9.8,28.0,14600.0,3.2,yes,yes,no,good,no,no,ckd,yes,Stage 4,user72,user72@example.com,password123,+639528801120
72,64.0,90.0,1.01,3.0,3.0,normal,abnormal,present,notpresent,121.0,35.0,1.3,138.0,4.4,10.3,40.0,8000.0,4.8,yes,yes,no,good,yes,no,ckd,yes,Stage 3,user73,user73@example.com,password123,+639532319938
73,55.0,100.0,1.015,2.0,0.0,abnormal,abnormal,notpresent,notpresent,129.0,107.0,6.7,132.0,4.4,4.8,14.0,6300.0,4.8,yes,no,no,good,yes,yes,ckd,no,Stage 5,user74,user74@example.com,password123,+639380893913
74,56.0,90.0,1.015,2.0,0.0,abnormal,abnormal,notpresent,notpresent,129.0,107.0,6.7,131.0,4.8,9.1,29.0,6400.0,3.4,yes,no,no,good,no,no,ckd,no,Stage 5,user75,user75@example.com,password123,+639354147913
75,5.0,80.0,1.015,1.0,0.0,normal,normal,notpresent,notpresent,121.0,16.0,0.7,138.0,3.2,8.1,40.0,8000.0,4.8,no,no,no,good,no,yes,ckd,no,Stage 1-2,user76,user76@example.com,password123,+639542715746
76,48.0,80.0,1.005,4.0,0.0,abnormal,abnormal,notpresent,present,133.0,139.0,8.5,132.0,5.5,10.3,36.0,6200.0,4.0,no,yes,no,good,yes,no,ckd,no,Stage 5,user77,user77@example.com,password123,+639112250817
77,67.0,70.0,1.01,1.0,0.0,normal,normal,notpresent,notpresent,102.0,48.0,3.2,137.0,5.0,11.9,34.0,7100.0,3.7,yes,yes,no,good,yes,no,ckd,no,Stage 4,user78,user78@example.com,password123,+639373424012
78,70.0,80.0,1.02,0.0,0.0,normal,normal,notpresent,notpresent,158.0,85.0,3.2,141.0,3.5,10.1,30.0,8000.0,4.8,yes,no,no,good,yes,no,ckd,no,Stage 4,user79,user79@example.com,password123,+639884408102
79,56.0,80.0,1.01,1.0,0.0,normal,normal,notpresent,notpresent,165.0,55.0,1.8,138.0,4.4,13.5,40.0,11800.0,5.0,yes,yes,no,poor,yes,no,ckd,yes,Stage 3,user80,user80@example.com,password123,+639453637701
80,74.0,80.0,1.01,0.0,0.0,normal,normal,notpresent,notpresent,132.0,98.0,2.8,133.0,5.0,10.8,31.0,9400.0,3.8,yes,yes,no,good,no,no,ckd,no,Stage 4,user81,user81@example.com,password123,+639666661346
81,45.0,90.0,1.02,0.0,0.0,normal,normal,notpresent,notpresent,360.0,45.0,2.4,128.0,4.4,8.3,29.0,5500.0,3.7,yes,yes,no,good,no,no,ckd,yes,Stage 4,user82,user82@example.com,password123,+639422988678
82,38.0,70.0,1.02,0.0,0.0,normal,normal,notpresent,notpresent,104.0,77.0,1.9,140.0,3.9,12.65,40.0,8000.0,4.8,yes,no,no,poor,yes,no,ckd,no,Stage 3,user83,user83@example.com,password123,+639834217906
83,48.0,70.0,1.015,1.0,0.0,normal,normal,notpresent,notpresent,127.0,19.0,1.0,134.0,3.6,12.65,40.0,8000.0,4.8,yes,yes,no,good,no,no,ckd,yes,Stage 1-2,user84,user84@example.com,password123,+639616419959
84,59.0,70.0,1.01,3.0,0.0,normal,abnormal,notpresent,notpresent,76.0,186.0,15.0,135.0,7.6,7.1,22.0,3800.0,2.1,yes,no,no,poor,yes,yes,ckd,no,Stage 5,user85,user85@example.com,password123,+639180073273
85,70.0,70.0,1.015,2.0,0.0,normal,normal,notpresent,notpresent,121.0,46.0,1.5,138.0,4.4,9.9,40.0,8000.0,4.8,no,yes,no,poor,yes,no,ckd,no,Stage 3,user86,user86@example.com,password123,+639884238214
86,56.0,80.0,1.02,0.0,0.0,normal,normal,notpresent,notpresent,415.0,37.0,1.9,138.0,4.4,12.65,40.0,8000.0,4.8,no,yes,no,good,no,no,ckd,no,Stage 3,user87,user87@example.com,password123,+639771657250
87,70.0,100.0,1.005,1.0,0.0,normal,abnormal,present,notpresent,169.0,47.0,2.9,138.0,4.4,11.1,32.0,5800.0,5.0,yes,yes,no,poor,no,no,ckd,no,Stage 4,user88,user88@example.com,password123,+639642703624
88,58.0,110.0,1.01,4.0,0.0,normal,normal,notpresent,notpresent,251.0,52.0,2.2,138.0,4.4,12.65,40.0,13200.0,4.7,yes,	yes,no,good,no,no,ckd,yes,Stage 4,user89,user89@example.com,password123,+639697884789
89,50.0,70.0,1.02,0.0,0.0,normal,normal,notpresent,notpresent,109.0,32.0,1.4,139.0,4.7,12.65,40.0,8000.0,4.8,no,no,no,poor,no,no,ckd,yes,Stage 3,user90,user90@example.com,password123,+639915610832
90,63.0,100.0,1.01,2.0,2.0,normal,normal,notpresent,present,280.0,35.0,3.2,143.0,3.5,13.0,40.0,9800.0,4.2,yes,no,yes,good,no,no,ckd,no,Stage 4,user91,user91@example.com,password123,+639478481135
91,56.0,70.0,1.015,4.0,1.0,abnormal,normal,notpresent,notpresent,210.0,26.0,1.7,136.0,3.8,16.1,52.0,12500.0,5.6,no,no,no,good,no,no,ckd,no,Stage 3,user92,user92@example.com,password123,+639850330955
92,71.0,70.0,1.01,3.0,0.0,normal,abnormal,present,present,219.0,82.0,3.6,133.0,4.4,10.4,33.0,5600.0,3.6,yes,yes,yes,good,no,no,ckd,no,Stage 4,user93,user93@example.com,password123,+639933956195
93,73.0,100.0,1.01,3.0,2.0,abnormal,abnormal,present,notpresent,295.0,90.0,5.6,140.0,2.9,9.2,30.0,7000.0,3.2,yes,yes,yes,poor,no,no,ckd,yes,Stage 5,user94,user94@example.com,password123,+639388447046
94,65.0,70.0,1.01,0.0,0.0,normal,normal,notpresent,notpresent,93.0,66.0,1.6,137.0,4.5,11.6,36.0,11900.0,3.9,no,yes,no,good,no,no,ckd,no,Stage 3,user95,user95@example.com,password123,+639628335688
95,62.0,90.0,1.015,1.0,0.0,normal,normal,notpresent,notpresent,94.0,25.0,1.1,131.0,3.7,12.65,40.0,8000.0,4.8,yes,no,no,good,yes,yes,ckd,no,Stage 1-2,user96,user96@example.com,password123,+639639791722
96,60.0,80.0,1.01,1.0,1.0,normal,normal,notpresent,notpresent,172.0,32.0,2.7,138.0,4.4,11.2,36.0,8000.0,4.8,no,yes,yes,poor,no,no,ckd,no,Stage 4,user97,user97@example.com,password123,+639932570465
97,65.0,60.0,1.015,1.0,0.0,normal,normal,notpresent,notpresent,91.0,51.0,2.2,132.0,3.8,10.0,32.0,9100.0,4.0,yes,yes,no,poor,yes,no,ckd,no,Stage 4,user98,user98@example.com,password123,+639184889060
98,50.0,140.0,1.02,0.0,0.0,normal,normal,notpresent,notpresent,101.0,106.0,6.5,135.0,4.3,6.2,18.0,5800.0,2.3,yes,yes,no,poor,no,yes,ckd,yes,Stage 5,user99,user99@example.com,password123,+639381961498
99,56.0,180.0,1.02,0.0,4.0,normal,abnormal,notpresent,notpresent,298.0,24.0,1.2,139.0,3.9,11.2,32.0,10400.0,4.2,yes,yes,no,poor,yes,no,ckd,yes,Stage 3,user100,user100@example.com,password123,+639981667497
100,34.0,70.0,1.015,4.0,0.0,abnormal,abnormal,notpresent,notpresent,153.0,22.0,0.9,133.0,3.8,12.65,40.0,8000.0,4.8,no,no,no,good,yes,no,ckd,no,Stage 1-2,user101,user101@example.com,password123,+639542279301
101,71.0,90.0,1.015,2.0,0.0,normal,abnormal,present,present,88.0,80.0,4.4,139.0,5.7,11.3,33.0,10700.0,3.9,no,no,no,good,no,no,ckd,no,Stage 4,user102,user102@example.com,password123,+639686034626
102,17.0,60.0,1.01,0.0,0.0,normal,normal,notpresent,notpresent,92.0,32.0,2.1,141.0,4.2,13.9,52.0,7000.0,4.8,no,no,no,good,no,no,ckd,no,Stage 4,user103,user103@example.com,password123,+639827025643
103,76.0,70.0,1.015,2.0,0.0,normal,abnormal,present,notpresent,226.0,217.0,10.2,138.0,4.4,10.2,36.0,12700.0,4.2,yes,no,no,poor,yes,yes,ckd,no,Stage 5,user104,user104@example.com,password123,+639150966622
104,55.0,90.0,1.02,0.0,0.0,normal,normal,notpresent,notpresent,143.0,88.0,2.0,138.0,4.4,12.65,40.0,8000.0,4.8,yes,yes,no,poor,yes,no,ckd,yes,Stage 4,user105,user105@example.com,password123,+639415648265
105,65.0,80.0,1.015,0.0,0.0,normal,normal,notpresent,notpresent,115.0,32.0,11.5,139.0,4.0,14.1,42.0,6800.0,5.2,no,no,no,good,no,no,ckd,yes,Stage 5,user106,user106@example.com,password123,+639880995945
106,50.0,90.0,1.02,0.0,0.0,normal,normal,notpresent,notpresent,89.0,118.0,6.1,127.0,4.4,6.0,17.0,6500.0,4.8,yes,yes,no,good,yes,yes,ckd,yes,Stage 5,user107,user107@example.com,password123,+639527930747
107,55.0,100.0,1.015,1.0,4.0,normal,normal,notpresent,notpresent,297.0,53.0,2.8,139.0,4.5,11.2,34.0,13600.0,4.4,yes,yes,no,good,no,no,ckd,no,Stage 4,user108,user108@example.com,password123,+639792918985
108,45.0,80.0,1.015,0.0,0.0,normal,abnormal,notpresent,notpresent,107.0,15.0,1.0,141.0,4.2,11.8,37.0,10200.0,4.2,no,no,no,good,no,no,ckd,no,Stage 1-2,user109,user109@example.com,password123,+639847921669
109,54.0,70.0,1.02,0.0,0.0,normal,normal,notpresent,notpresent,233.0,50.1,1.9,138.0,4.4,11.7,40.0,8000.0,4.8,no,yes,no,good,no,no,ckd,yes,Stage 3,user110,user110@example.com,password123,+639503910529
110,63.0,90.0,1.015,0.0,0.0,normal,normal,notpresent,notpresent,123.0,19.0,2.0,142.0,3.8,11.7,34.0,11400.0,4.7,no,no,no,good,no,no,ckd,no,Stage 4,user111,user111@example.com,password123,+639233876877
111,65.0,80.0,1.01,3.0,3.0,normal,normal,notpresent,notpresent,294.0,71.0,4.4,128.0,5.4,10.0,32.0,9000.0,3.9,yes,yes,yes,good,no,no,ckd,no,Stage 4,user112,user112@example.com,password123,+639947161458
112,55.0,60.0,1.015,3.0,0.0,abnormal,abnormal,notpresent,notpresent,121.0,34.0,1.2,138.0,4.4,10.8,33.0,8000.0,4.8,no,no,no,good,no,no,ckd,no,Stage 3,user113,user113@example.com,password123,+639823800885
113,61.0,90.0,1.015,0.0,2.0,normal,normal,notpresent,notpresent,121.0,42.0,1.3,138.0,4.4,12.65,40.0,9800.0,4.8,no,yes,no,poor,no,yes,ckd,no,Stage 3,user114,user114@example.com,password123,+639256019961
114,12.0,60.0,1.015,3.0,0.0,abnormal,abnormal,present,notpresent,121.0,51.0,1.8,138.0,4.4,12.1,40.0,10300.0,4.8,no,no,no,good,no,no,ckd,no,Stage 3,user115,user115@example.com,password123,+639649249986
115,47.0,80.0,1.01,0.0,0.0,normal,abnormal,notpresent,notpresent,121.0,28.0,0.9,138.0,4.4,12.4,44.0,5600.0,4.3,no,no,no,good,no,yes,ckd,no,Stage 1-2,user116,user116@example.com,password123,+639728028602
116,55.0,70.0,1.015,4.0,0.0,abnormal,normal,notpresent,notpresent,104.0,16.0,0.5,138.0,4.4,12.65,40.0,8000.0,4.8,no,no,no,good,yes,no,ckd,no,Stage 1-2,user117,user117@example.com,password123,+639735698318
117,55.0,70.0,1.02,0.0,0.0,normal,normal,notpresent,notpresent,219.0,36.0,1.3,139.0,3.7,12.5,37.0,9800.0,4.4,no,no,no,good,no,no,ckd,no,Stage 3,user118,user118@example.com,password123,+639160748892
118,55.0,70.0,1.01,3.0,0.0,normal,normal,notpresent,notpresent,99.0,25.0,1.2,138.0,4.4,11.4,40.0,8000.0,4.8,no,no,no,poor,yes,no,ckd,no,Stage 3,user119,user119@example.com,password123,+639612383111
119,60.0,70.0,1.01,0.0,0.0,normal,normal,notpresent,notpresent,140.0,27.0,1.2,138.0,4.4,12.65,40.0,8000.0,4.8,no,no,no,good,no,no,ckd,yes,Stage 3,user120,user120@example.com,password123,+639482441718
120,72.0,90.0,1.025,1.0,3.0,normal,normal,notpresent,notpresent,323.0,40.0,2.2,137.0,5.3,12.6,40.0,8000.0,4.8,no,yes,yes,poor,no,no,ckd,no,Stage 4,user121,user121@example.com,password123,+639755044475
121,54.0,60.0,1.02,3.0,0.0,normal,normal,notpresent,notpresent,125.0,21.0,1.3,137.0,3.4,15.0,46.0,8000.0,4.8,yes,yes,no,good,yes,no,ckd,yes,Stage 3,user122,user122@example.com,password123,+639418276998
122,34.0,70.0,1.02,0.0,0.0,normal,normal,notpresent,notpresent,121.0,219.0,12.2,130.0,3.8,6.0,40.0,8000.0,4.8,yes,no,no,good,no,yes,ckd,yes,Stage 5,user123,user123@example.com,password123,+639778433128
123,43.0,80.0,1.015,2.0,3.0,normal,abnormal,present,present,121.0,30.0,1.1,138.0,4.4,14.0,42.0,14900.0,4.8,no,no,no,good,no,no,ckd,no,Stage 1-2,user124,user124@example.com,password123,+639359445966
124,65.0,100.0,1.015,0.0,0.0,normal,normal,notpresent,notpresent,90.0,98.0,2.5,138.0,4.4,9.1,28.0,5500.0,3.6,yes,no,no,good,no,no,ckd,no,Stage 4,user125,user125@example.com,password123,+639517261668
125,72.0,90.0,1.02,0.0,0.0,normal,normal,notpresent,notpresent,308.0,36.0,2.5,131.0,4.3,12.65,40.0,8000.0,4.8,yes,yes,no,poor,no,no,ckd,yes,Stage 4,user126,user126@example.com,password123,+639178184881
126,70.0,90.0,1.015,0.0,0.0,normal,normal,notpresent,notpresent,144.0,125.0,4.0,136.0,4.6,12.0,37.0,8200.0,4.5,yes,yes,no,poor,yes,no,ckd,yes,Stage 4,user127,user127@example.com,password123,+639193044547
127,71.0,60.0,1.015,4.0,0.0,normal,normal,notpresent,notpresent,118.0,125.0,5.3,136.0,4.9,11.4,35.0,15200.0,4.3,yes,yes,no,poor,yes,no,ckd,no,Stage 5,user128,user128@example.com,password123,+639355314621
128,52.0,90.0,1.015,4.0,3.0,normal,abnormal,notpresent,notpresent,224.0,166.0,5.6,133.0,47.0,8.1,23.0,5000.0,2.9,yes,yes,no,good,no,yes,ckd,yes,Stage 5,user129,user129@example.com,password123,+639353882226
129,75.0,70.0,1.025,1.0,0.0,normal,normal,notpresent,notpresent,158.0,49.0,1.4,135.0,4.7,11.1,40.0,8000.0,4.8,yes,no,no,poor,yes,no,ckd,yes,Stage 3,user130,user130@example.com,password123,+639924503427
130,50.0,90.0,1.01,2.0,0.0,normal,abnormal,present,present,128.0,208.0,9.2,134.0,4.8,8.2,22.0,16300.0,2.7,no,no,no,poor,yes,yes,ckd,no,Stage 5,user131,user131@example.com,password123,+639386269500
131,5.0,50.0,1.01,0.0,0.0,normal,normal,notpresent,notpresent,121.0,25.0,0.6,138.0,4.4,11.8,36.0,12400.0,4.8,no,no,no,good,no,no,ckd,no,Stage 1-2,user132,user132@example.com,password123,+639414509412
132,50.0,80.0,1.02,0.0,0.0,normal,normal,notpresent,notpresent,219.0,176.0,13.8,136.0,4.5,8.6,24.0,13200.0,2.7,yes,no,no,good,yes,yes,ckd,yes,Stage 5,user133,user133@example.com,password123,+639722859787
133,70.0,100.0,1.015,4.0,0.0,normal,normal,notpresent,notpresent,118.0,125.0,5.3,136.0,4.9,12.0,37.0,8400.0,8.0,yes,no,no,good,no,no,ckd,yes,Stage 5,user134,user134@example.com,password123,+639224967237
134,47.0,100.0,1.01,0.0,0.0,normal,normal,notpresent,notpresent,122.0,42.0,16.9,138.0,5.2,10.8,33.0,10200.0,3.8,no,yes,no,good,no,no,ckd,no,Stage 5,user135,user135@example.com,password123,+639721438802
135,48.0,80.0,1.015,0.0,2.0,normal,normal,notpresent,notpresent,214.0,24.0,1.3,140.0,4.0,13.2,39.0,8000.0,4.8,no,yes,no,poor,no,no,ckd,yes,Stage 3,user136,user136@example.com,password123,+639194542224
136,46.0,90.0,1.02,0.0,0.0,normal,normal,notpresent,notpresent,213.0,68.0,2.8,146.0,6.3,9.3,40.0,8000.0,4.8,yes,yes,no,good,no,no,ckd,yes,Stage 4,user137,user137@example.com,password123,+639435333398
137,45.0,60.0,1.01,2.0,0.0,normal,abnormal,present,notpresent,268.0,86.0,4.0,134.0,5.1,10.0,29.0,9200.0,4.8,yes,yes,no,good,no,no,ckd,yes,Stage 4,user138,user138@example.com,password123,+639647711824
138,73.0,80.0,1.01,1.0,0.0,normal,normal,notpresent,notpresent,95.0,51.0,1.6,142.0,3.5,12.65,40.0,8000.0,4.8,no,	no,no,good,no,no,ckd,no,Stage 3,user139,user139@example.com,password123,+639960086444
139,41.0,70.0,1.015,2.0,0.0,normal,abnormal,notpresent,present,121.0,68.0,2.8,132.0,4.1,11.1,33.0,8000.0,4.8,yes,no,no,good,yes,yes,ckd,no,Stage 4,user140,user140@example.com,password123,+639307514972
140,69.0,70.0,1.01,0.0,4.0,normal,normal,notpresent,notpresent,256.0,40.0,1.2,142.0,5.6,12.65,40.0,8000.0,4.8,no,no,no,good,no,no,ckd,no,Stage 3,user141,user141@example.com,password123,+639156249710
141,67.0,70.0,1.01,1.0,0.0,normal,normal,notpresent,notpresent,121.0,106.0,6.0,137.0,4.9,6.1,19.0,6500.0,4.8,yes,no,no,good,no,yes,ckd,yes,Stage 5,user142,user142@example.com,password123,+639867994236
142,72.0,90.0,1.02,0.0,0.0,normal,normal,notpresent,notpresent,84.0,145.0,7.1,135.0,5.3,12.65,40.0,8000.0,4.8,no,yes,no,good,no,no,ckd,no,Stage 5,user143,user143@example.com,password123,+639523265379
143,41.0,80.0,1.015,1.0,4.0,abnormal,normal,notpresent,notpresent,210.0,165.0,18.0,135.0,4.7,12.65,40.0,8000.0,4.8,no,yes,no,good,no,no,ckd,yes,Stage 5,user144,user144@example.com,password123,+639740660134
144,60.0,90.0,1.01,2.0,0.0,abnormal,normal,notpresent,notpresent,105.0,53.0,2.3,136.0,5.2,11.1,33.0,10500.0,4.1,no,no,no,good,no,no,ckd,no,Stage 4,user145,user145@example.com,password123,+639175072873
145,57.0,90.0,1.015,5.0,0.0,abnormal,abnormal,notpresent,present,121.0,322.0,13.0,126.0,4.8,8.0,24.0,4200.0,3.3,yes,yes,yes,poor,yes,yes,ckd,yes,Stage 5,user146,user146@example.com,password123,+639441309960
146,53.0,100.0,1.01,1.0,3.0,abnormal,normal,notpresent,notpresent,213.0,23.0,1.0,139.0,4.0,12.65,40.0,8000.0,4.8,no,yes,no,good,no,no,ckd,yes,Stage 1-2,user147,user147@example.com,password123,+639901932702
147,60.0,60.0,1.01,3.0,1.0,normal,abnormal,present,notpresent,288.0,36.0,1.7,130.0,3.0,7.9,25.0,15200.0,3.0,yes,no,no,poor,no,yes,ckd,no,Stage 3,user148,user148@example.com,password123,+639493838302
148,69.0,60.0,1.02,0.0,0.0,normal,normal,notpresent,notpresent,171.0,26.0,48.1,138.0,4.4,12.65,40.0,8000.0,4.8,yes,no,no,poor,no,no,ckd,yes,Stage 5,user149,user149@example.com,password123,+639418194503
149,65.0,70.0,1.02,1.0,0.0,abnormal,abnormal,notpresent,notpresent,139.0,29.0,1.0,138.0,4.4,10.5,32.0,8000.0,4.8,yes,no,no,good,yes,no,ckd,yes,Stage 1-2,user150,user150@example.com,password123,+639579714949
150,8.0,60.0,1.025,3.0,0.0,normal,normal,notpresent,notpresent,78.0,27.0,0.9,138.0,4.4,12.3,41.0,6700.0,4.8,no,no,no,poor,yes,no,ckd,no,Stage 1-2,user151,user151@example.com,password123,+639592140390
151,76.0,90.0,1.02,0.0,0.0,normal,normal,notpresent,notpresent,172.0,46.0,1.7,141.0,5.5,9.6,30.0,8000.0,4.8,yes,yes,no,good,no,yes,ckd,yes,Stage 3,user152,user152@example.com,password123,+639118534218
152,39.0,70.0,1.01,0.0,0.0,normal,normal,notpresent,notpresent,121.0,20.0,0.8,133.0,3.5,10.9,32.0,8000.0,4.8,no,yes,no,good,no,no,ckd,no,Stage 1-2,user153,user153@example.com,password123,+639205049478
153,55.0,90.0,1.01,2.0,1.0,abnormal,abnormal,notpresent,notpresent,273.0,235.0,14.2,132.0,3.4,8.3,22.0,14600.0,2.9,yes,yes,no,poor,yes,yes,ckd,yes,Stage 5,user154,user154@example.com,password123,+639791753250
154,56.0,90.0,1.005,4.0,3.0,abnormal,abnormal,notpresent,notpresent,242.0,132.0,16.4,140.0,4.2,8.4,26.0,8000.0,3.0,yes,yes,no,poor,yes,yes,ckd,no,Stage 5,user155,user155@example.com,password123,+639734220999
155,50.0,70.0,1.02,3.0,0.0,abnormal,normal,present,present,123.0,40.0,1.8,138.0,4.4,11.1,36.0,4700.0,4.8,no,no,no,good,no,no,ckd,no,Stage 3,user156,user156@example.com,password123,+639769563432
156,66.0,90.0,1.015,2.0,0.0,normal,normal,notpresent,present,153.0,76.0,3.3,138.0,4.4,12.65,40.0,8000.0,4.8,no,no,no,poor,no,no,ckd,no,Stage 4,user157,user157@example.com,password123,+639665880816
157,62.0,70.0,1.025,3.0,0.0,normal,abnormal,notpresent,notpresent,122.0,42.0,1.7,136.0,4.7,12.6,39.0,7900.0,3.9,yes,yes,no,good,no,no,ckd,no,Stage 3,user158,user158@example.com,password123,+639634684023
158,71.0,60.0,1.02,3.0,2.0,normal,normal,present,notpresent,424.0,48.0,1.5,132.0,4.0,10.9,31.0,8000.0,4.8,yes,yes,yes,good,no,no,ckd,no,Stage 3,user159,user159@example.com,password123,+639890836198
159,59.0,80.0,1.01,1.0,0.0,abnormal,normal,notpresent,notpresent,303.0,35.0,1.3,122.0,3.5,10.4,35.0,10900.0,4.3,no,yes,no,poor,no,no,ckd,yes,Stage 3,user160,user160@example.com,password123,+639182743201
160,81.0,60.0,1.02,0.0,0.0,normal,normal,notpresent,notpresent,148.0,39.0,2.1,147.0,4.2,10.9,35.0,9400.0,2.4,yes,yes,yes,poor,yes,no,ckd,yes,Stage 4,user161,user161@example.com,password123,+639746252524
161,62.0,80.0,1.015,3.0,0.0,abnormal,normal,notpresent,notpresent,121.0,42.0,1.3,138.0,4.4,14.3,42.0,10200.0,4.8,yes,yes,no,good,no,no,ckd,yes,Stage 3,user162,user162@example.com,password123,+639304723281
162,59.0,70.0,1.02,0.0,0.0,normal,normal,notpresent,notpresent,204.0,34.0,1.5,124.0,4.1,9.8,37.0,6000.0,4.8,no,yes,no,good,no,no,ckd,no,Stage 3,user163,user163@example.com,password123,+639619129828
163,46.0,80.0,1.01,0.0,0.0,normal,normal,notpresent,notpresent,160.0,40.0,2.0,140.0,4.1,9.0,27.0,8100.0,3.2,yes,no,no,poor,no,yes,ckd,no,Stage 4,user164,user164@example.com,password123,+639401341202
164,14.0,80.0,1.015,0.0,0.0,normal,normal,notpresent,notpresent,192.0,15.0,0.8,137.0,4.2,14.3,40.0,9500.0,5.4,no,yes,no,poor,yes,no,ckd,no,Stage 1-2,user165,user165@example.com,password123,+639403245693
165,60.0,80.0,1.02,0.0,2.0,normal,normal,notpresent,notpresent,121.0,42.0,1.3,138.0,4.4,12.65,40.0,8000.0,4.8,no,yes,no,good,no,no,ckd,yes,Stage 3,user166,user166@example.com,password123,+639928300672
166,27.0,60.0,1.02,0.0,0.0,normal,normal,notpresent,notpresent,76.0,44.0,3.9,127.0,4.3,12.65,40.0,8000.0,4.8,no,no,no,poor,yes,yes,ckd,yes,Stage 4,user167,user167@example.com,password123,+639157839237
167,34.0,70.0,1.02,0.0,0.0,abnormal,normal,notpresent,notpresent,139.0,19.0,0.9,138.0,4.4,12.7,42.0,2200.0,4.8,no,no,no,poor,no,no,ckd,yes,Stage 1-2,user168,user168@example.com,password123,+639902218156
168,65.0,70.0,1.015,4.0,4.0,normal,normal,present,notpresent,307.0,28.0,1.5,138.0,4.4,11.0,39.0,6700.0,4.8,yes,yes,no,good,no,no,ckd,yes,Stage 3,user169,user169@example.com,password123,+639353737514
169,55.0,70.0,1.01,0.0,2.0,normal,normal,notpresent,notpresent,220.0,68.0,2.8,138.0,4.4,8.7,27.0,8000.0,4.8,yes,yes,no,good,no,yes,ckd,yes,Stage 4,user170,user170@example.com,password123,+639812918638
170,66.0,70.0,1.015,2.0,5.0,normal,normal,notpresent,notpresent,447.0,41.0,1.7,131.0,3.9,12.5,33.0,9600.0,4.4,yes,yes,no,good,no,no,ckd,no,Stage 3,user171,user171@example.com,password123,+639486209753
171,83.0,70.0,1.02,3.0,0.0,normal,normal,notpresent,notpresent,102.0,60.0,2.6,115.0,5.7,8.7,26.0,12800.0,3.1,yes,no,no,poor,no,yes,ckd,yes,Stage 4,user172,user172@example.com,password123,+639607369023
172,62.0,80.0,1.01,1.0,2.0,normal,normal,notpresent,notpresent,309.0,113.0,2.9,130.0,2.5,10.6,34.0,12800.0,4.9,no,no,no,good,no,no,ckd,no,Stage 4,user173,user173@example.com,password123,+639822829875
173,17.0,70.0,1.015,1.0,0.0,abnormal,normal,notpresent,notpresent,22.0,1.5,7.3,145.0,2.8,13.1,41.0,11200.0,4.8,no,no,no,good,no,no,ckd,no,Stage 5,user174,user174@example.com,password123,+639182116401
174,54.0,70.0,1.02,0.0,0.0,normal,normal,notpresent,notpresent,111.0,146.0,7.5,141.0,4.7,11.0,35.0,8600.0,4.6,no,no,no,good,no,no,ckd,no,Stage 5,user175,user175@example.com,password123,+639220089927
175,60.0,50.0,1.01,0.0,0.0,normal,normal,notpresent,notpresent,261.0,58.0,2.2,113.0,3.0,12.65,40.0,4200.0,3.4,yes,no,no,good,no,no,ckd,yes,Stage 4,user176,user176@example.com,password123,+639300240064
176,21.0,90.0,1.01,4.0,0.0,normal,abnormal,present,present,107.0,40.0,1.7,125.0,3.5,8.3,23.0,12400.0,3.9,no,no,no,good,no,yes,ckd,yes,Stage 3,user177,user177@example.com,password123,+639754126687
177,65.0,80.0,1.015,2.0,1.0,normal,normal,present,notpresent,215.0,133.0,2.5,138.0,4.4,13.2,41.0,8000.0,4.8,no,yes,no,good,no,no,ckd,no,Stage 4,user178,user178@example.com,password123,+639428554494
178,42.0,90.0,1.02,2.0,0.0,abnormal,abnormal,present,notpresent,93.0,153.0,2.7,139.0,4.3,9.8,34.0,9800.0,4.8,no,no,no,poor,yes,yes,ckd,no,Stage 4,user179,user179@example.com,password123,+639236226597
179,72.0,90.0,1.01,2.0,0.0,normal,abnormal,present,notpresent,124.0,53.0,2.3,138.0,4.4,11.9,39.0,8000.0,4.8,no,no,no,good,no,no,ckd,no,Stage 4,user180,user180@example.com,password123,+639408277492
180,73.0,90.0,1.01,1.0,4.0,abnormal,abnormal,present,notpresent,234.0,56.0,1.9,138.0,4.4,10.3,28.0,8000.0,4.8,no,yes,no,good,no,no,ckd,no,Stage 3,user181,user181@example.com,password123,+639316893726
181,45.0,70.0,1.025,2.0,0.0,normal,abnormal,present,notpresent,117.0,52.0,2.2,136.0,3.8,10.0,30.0,19100.0,3.7,no,no,no,good,no,no,ckd,yes,Stage 4,user182,user182@example.com,password123,+639228052175
182,61.0,80.0,1.02,0.0,0.0,normal,normal,notpresent,notpresent,131.0,23.0,0.8,140.0,4.1,11.3,35.0,8000.0,4.8,no,no,no,good,no,no,ckd,yes,Stage 1-2,user183,user183@example.com,password123,+639533832232
183,30.0,70.0,1.015,0.0,0.0,normal,normal,notpresent,notpresent,101.0,106.0,6.5,135.0,4.3,12.65,40.0,8000.0,4.8,no,no,no,poor,no,no,ckd,no,Stage 5,user184,user184@example.com,password123,+639732213864
184,54.0,60.0,1.015,3.0,2.0,normal,abnormal,notpresent,notpresent,352.0,137.0,3.3,133.0,4.5,11.3,31.0,5800.0,3.6,yes,yes,yes,poor,yes,no,ckd,no,Stage 4,user185,user185@example.com,password123,+639818643749
185,4.0,80.0,1.02,1.0,0.0,normal,normal,notpresent,notpresent,99.0,23.0,0.6,138.0,4.4,12.0,34.0,8000.0,4.8,no,no,no,good,no,no,ckd,yes,Stage 1-2,user186,user186@example.com,password123,+639695491052
186,8.0,50.0,1.02,4.0,0.0,normal,normal,notpresent,notpresent,121.0,46.0,1.0,135.0,3.8,12.65,40.0,8000.0,4.8,no,no,no,good,yes,no,ckd,no,Stage 1-2,user187,user187@example.com,password123,+639827664054
187,3.0,80.0,1.01,2.0,0.0,normal,normal,notpresent,notpresent,121.0,22.0,0.7,138.0,4.4,10.7,34.0,12300.0,4.8,no,no,no,good,no,no,ckd,no,Stage 1-2,user188,user188@example.com,password123,+639111304576
188,8.0,80.0,1.02,0.0,0.0,normal,normal,notpresent,notpresent,80.0,66.0,2.5,142.0,3.6,12.2,38.0,8000.0,4.8,no,	no,no,good,no,no,ckd,no,Stage 4,user189,user189@example.com,password123,+639440748532
189,64.0,60.0,1.01,4.0,1.0,abnormal,abnormal,notpresent,present,239.0,58.0,4.3,137.0,5.4,9.5,29.0,7500.0,3.4,yes,yes,no,poor,yes,no,ckd,yes,Stage 4,user190,user190@example.com,password123,+639511767651
190,6.0,60.0,1.01,4.0,0.0,abnormal,abnormal,notpresent,present,94.0,67.0,1.0,135.0,4.9,9.9,30.0,16700.0,4.8,no,no,no,poor,no,no,ckd,yes,Stage 1-2,user191,user191@example.com,password123,+639142102818
191,55.0,70.0,1.01,3.0,0.0,normal,normal,notpresent,notpresent,110.0,115.0,6.0,134.0,2.7,9.1,26.0,9200.0,3.4,yes,yes,no,poor,no,no,ckd,yes,Stage 5,user192,user192@example.com,password123,+639299238199
192,46.0,110.0,1.015,0.0,0.0,normal,normal,notpresent,notpresent,130.0,16.0,0.9,138.0,4.4,12.65,40.0,8000.0,4.8,no,no,no,good,no,no,ckd,no,Stage 1-2,user193,user193@example.com,password123,+639693601304
193,32.0,90.0,1.025,1.0,0.0,abnormal,abnormal,notpresent,notpresent,121.0,223.0,18.1,113.0,6.5,5.5,15.0,2600.0,2.8,yes,yes,no,poor,yes,yes,ckd,yes,Stage 5,user194,user194@example.com,password123,+639474496078
194,80.0,70.0,1.01,2.0,0.0,normal,abnormal,notpresent,notpresent,121.0,49.0,1.2,138.0,4.4,12.65,40.0,8000.0,4.8,yes,	yes,no,good,no,no,ckd,no,Stage 3,user195,user195@example.com,password123,+639644508268
195,70.0,90.0,1.02,2.0,1.0,abnormal,abnormal,notpresent,present,184.0,98.6,3.3,138.0,3.9,5.8,40.0,8000.0,4.8,yes,yes,yes,poor,no,no,ckd,yes,Stage 4,user196,user196@example.com,password123,+639328317857
196,49.0,100.0,1.01,3.0,0.0,abnormal,abnormal,notpresent,notpresent,129.0,158.0,11.8,122.0,3.2,8.1,24.0,9600.0,3.5,yes,yes,no,poor,yes,yes,ckd,no,Stage 5,user197,user197@example.com,password123,+639879944899
197,57.0,80.0,1.02,0.0,0.0,normal,normal,notpresent,notpresent,121.0,111.0,9.3,124.0,5.3,6.8,40.0,4300.0,3.0,yes,yes,no,good,no,yes,ckd,no,Stage 5,user198,user198@example.com,password123,+639120127229
198,59.0,100.0,1.02,4.0,2.0,normal,normal,notpresent,notpresent,252.0,40.0,3.2,137.0,4.7,11.2,30.0,26400.0,3.9,yes,yes,no,poor,yes,no,ckd,yes,Stage 4,user199,user199@example.com,password123,+639524056782
199,65.0,80.0,1.015,0.0,0.0,normal,normal,notpresent,notpresent,92.0,37.0,1.5,140.0,5.2,8.8,25.0,10700.0,3.2,yes,no,yes,good,yes,no,ckd,no,Stage 3,user200,user200@example.com,password123,+639481608231
200,90.0,90.0,1.025,1.0,0.0,normal,normal,notpresent,notpresent,139.0,89.0,3.0,140.0,4.1,12.0,37.0,7900.0,3.9,yes,yes,no,good,no,no,ckd,yes,Stage 4,user201,user201@example.com,password123,+639484962814
201,64.0,70.0,1.02,0.0,0.0,normal,normal,notpresent,notpresent,113.0,94.0,7.3,137.0,4.3,7.9,21.0,8000.0,4.8,yes,yes,yes,good,yes,yes,ckd,yes,Stage 5,user202,user202@example.com,password123,+639712586511
202,78.0,60.0,1.02,0.0,0.0,normal,normal,notpresent,notpresent,114.0,74.0,2.9,135.0,5.9,8.0,24.0,8000.0,4.8,no,yes,no,good,no,yes,ckd,no,Stage 4,user203,user203@example.com,password123,+639905987462
203,55.0,90.0,1.02,0.0,0.0,normal,normal,notpresent,notpresent,207.0,80.0,6.8,142.0,5.5,8.5,40.0,8000.0,4.8,yes,yes,no,good,no,yes,ckd,no,Stage 5,user204,user204@example.com,password123,+639559958575
204,65.0,90.0,1.01,4.0,2.0,normal,normal,notpresent,notpresent,172.0,82.0,13.5,145.0,6.3,8.8,31.0,8000.0,4.8,yes,yes,no,good,yes,yes,ckd,yes,Stage 5,user205,user205@example.com,password123,+639409930935
205,61.0,70.0,1.02,0.0,0.0,normal,normal,notpresent,notpresent,100.0,28.0,2.1,138.0,4.4,12.6,43.0,8000.0,4.8,yes,yes,no,good,no,no,ckd,yes,Stage 4,user206,user206@example.com,password123,+639671092700
206,60.0,70.0,1.01,1.0,0.0,normal,normal,notpresent,notpresent,109.0,96.0,3.9,135.0,4.0,13.8,41.0,8000.0,4.8,yes,no,no,good,no,no,ckd,no,Stage 4,user207,user207@example.com,password123,+639227023242
207,50.0,70.0,1.01,0.0,0.0,normal,normal,notpresent,notpresent,230.0,50.0,2.2,138.0,4.4,12.0,41.0,10400.0,4.6,yes,yes,no,good,no,no,ckd,no,Stage 4,user208,user208@example.com,password123,+639515676481
208,67.0,80.0,1.02,0.0,0.0,normal,normal,notpresent,notpresent,341.0,37.0,1.5,138.0,4.4,12.3,41.0,6900.0,4.9,yes,yes,no,good,no,yes,ckd,yes,Stage 3,user209,user209@example.com,password123,+639741615573
209,19.0,70.0,1.02,0.0,0.0,normal,normal,notpresent,notpresent,121.0,42.0,1.3,138.0,4.4,11.5,40.0,6900.0,4.8,no,no,no,good,no,no,ckd,yes,Stage 3,user210,user210@example.com,password123,+639844925594
210,59.0,100.0,1.015,4.0,2.0,normal,normal,notpresent,notpresent,255.0,132.0,12.8,135.0,5.7,7.3,20.0,9800.0,3.9,yes,yes,yes,good,no,yes,ckd,no,Stage 5,user211,user211@example.com,password123,+639385933459
211,54.0,120.0,1.015,0.0,0.0,normal,normal,notpresent,notpresent,103.0,18.0,1.2,138.0,4.4,12.65,40.0,8000.0,4.8,no,no,no,good,no,no,ckd,yes,Stage 3,user212,user212@example.com,password123,+639734549607
212,40.0,70.0,1.015,3.0,4.0,normal,normal,notpresent,notpresent,253.0,150.0,11.9,132.0,5.6,10.9,31.0,8800.0,3.4,yes,yes,no,poor,yes,no,ckd,no,Stage 5,user213,user213@example.com,password123,+639558398633
213,55.0,80.0,1.01,3.0,1.0,normal,abnormal,present,present,214.0,73.0,3.9,137.0,4.9,10.9,34.0,7400.0,3.7,yes,yes,no,good,yes,no,ckd,no,Stage 4,user214,user214@example.com,password123,+639705800453
214,68.0,80.0,1.015,0.0,0.0,normal,abnormal,notpresent,notpresent,171.0,30.0,1.0,138.0,4.4,13.7,43.0,4900.0,5.2,no,yes,no,good,no,no,ckd,no,Stage 1-2,user215,user215@example.com,password123,+639960018816
215,2.0,80.0,1.01,3.0,0.0,normal,abnormal,notpresent,notpresent,121.0,42.0,1.3,138.0,4.4,12.65,40.0,8000.0,4.8,no,no,no,good,yes,no,ckd,no,Stage 3,user216,user216@example.com,password123,+639287964572
216,64.0,70.0,1.01,0.0,0.0,normal,normal,notpresent,notpresent,107.0,15.0,1.3,138.0,4.4,12.8,38.0,8000.0,4.8,no,no,no,good,no,no,ckd,no,Stage 3,user217,user217@example.com,password123,+639624957451
217,63.0,100.0,1.01,1.0,0.0,normal,normal,notpresent,notpresent,78.0,61.0,1.8,141.0,4.4,12.2,36.0,10500.0,4.3,no,yes,no,good,no,no,ckd,no,Stage 3,user218,user218@example.com,password123,+639935756603
218,33.0,90.0,1.015,0.0,0.0,normal,normal,notpresent,notpresent,92.0,19.0,0.8,138.0,4.4,11.8,34.0,7000.0,4.8,no,no,no,good,no,no,ckd,no,Stage 1-2,user219,user219@example.com,password123,+639431142659
219,68.0,90.0,1.01,0.0,0.0,normal,normal,notpresent,notpresent,238.0,57.0,2.5,138.0,4.4,9.8,28.0,8000.0,3.3,yes,yes,no,poor,no,no,ckd,yes,Stage 4,user220,user220@example.com,password123,+639394035182
220,36.0,80.0,1.01,0.0,0.0,normal,normal,notpresent,notpresent,103.0,42.0,1.3,138.0,4.4,11.9,36.0,8800.0,4.8,no,no,no,good,no,no,ckd,no,Stage 3,user221,user221@example.com,password123,+639755837156
221,66.0,70.0,1.02,1.0,0.0,normal,normal,notpresent,notpresent,248.0,30.0,1.7,138.0,5.3,12.65,40.0,8000.0,4.8,yes,yes,no,good,no,no,ckd,yes,Stage 3,user222,user222@example.com,password123,+639188658908
222,74.0,60.0,1.02,0.0,0.0,normal,normal,notpresent,notpresent,108.0,68.0,1.8,138.0,4.4,12.65,40.0,8000.0,4.8,yes,yes,no,good,no,no,ckd,yes,Stage 3,user223,user223@example.com,password123,+639685790049
223,71.0,90.0,1.01,0.0,3.0,normal,normal,notpresent,notpresent,303.0,30.0,1.3,136.0,4.1,13.0,38.0,9200.0,4.6,yes,yes,no,good,no,no,ckd,no,Stage 3,user224,user224@example.com,password123,+639145243908
224,34.0,60.0,1.02,0.0,0.0,normal,normal,notpresent,notpresent,117.0,28.0,2.2,138.0,3.8,12.65,40.0,8000.0,4.8,no,no,no,good,yes,no,ckd,no,Stage 4,user225,user225@example.com,password123,+639951321771
225,60.0,90.0,1.01,3.0,5.0,abnormal,normal,notpresent,present,490.0,95.0,2.7,131.0,3.8,11.5,35.0,12000.0,4.5,yes,yes,no,good,no,no,ckd,yes,Stage 4,user226,user226@example.com,password123,+639733829314
226,64.0,100.0,1.015,4.0,2.0,abnormal,abnormal,notpresent,present,163.0,54.0,7.2,140.0,4.6,7.9,26.0,7500.0,3.4,yes,yes,no,good,yes,no,ckd,yes,Stage 5,user227,user227@example.com,password123,+639158255859
227,57.0,80.0,1.015,0.0,0.0,normal,normal,notpresent,notpresent,120.0,48.0,1.6,138.0,4.4,11.3,36.0,7200.0,3.8,yes,yes,no,good,no,no,ckd,yes,Stage 3,user228,user228@example.com,password123,+639851348282
228,60.0,70.0,1.02,0.0,0.0,normal,normal,notpresent,notpresent,124.0,52.0,2.5,138.0,4.4,12.65,40.0,8000.0,4.8,yes,no,no,good,no,no,ckd,no,Stage 4,user229,user229@example.com,password123,+639696945262
229,59.0,50.0,1.01,3.0,0.0,normal,abnormal,notpresent,notpresent,241.0,191.0,12.0,114.0,2.9,9.6,31.0,15700.0,3.8,no,yes,no,good,yes,no,ckd,no,Stage 5,user230,user230@example.com,password123,+639613341248
230,65.0,60.0,1.01,2.0,0.0,normal,abnormal,present,notpresent,192.0,17.0,1.7,130.0,4.3,12.65,40.0,9500.0,4.8,yes,yes,no,poor,no,no,ckd	,yes,Stage 3,user231,user231@example.com,password123,+639146702240
231,60.0,90.0,1.02,0.0,0.0,normal,normal,notpresent,notpresent,269.0,51.0,2.8,138.0,3.7,11.5,35.0,8000.0,4.8,yes,yes,yes,good,yes,no,ckd,yes,Stage 4,user232,user232@example.com,password123,+639972273887
232,50.0,90.0,1.015,1.0,0.0,abnormal,abnormal,notpresent,notpresent,121.0,42.0,1.3,138.0,4.4,12.65,40.0,8000.0,4.8,no,no,no,good,yes,no,ckd,yes,Stage 3,user233,user233@example.com,password123,+639557636537
233,51.0,100.0,1.015,2.0,0.0,normal,normal,notpresent,present,93.0,20.0,1.6,146.0,4.5,12.65,40.0,8000.0,4.8,no,no,no,poor,no,no,ckd,no,Stage 3,user234,user234@example.com,password123,+639113767014
234,37.0,100.0,1.01,0.0,0.0,abnormal,normal,notpresent,notpresent,121.0,19.0,1.3,138.0,4.4,15.0,44.0,4100.0,5.2,yes,no,no,good,no,no,ckd,no,Stage 3,user235,user235@example.com,password123,+639117061392
235,45.0,70.0,1.01,2.0,0.0,normal,normal,notpresent,notpresent,113.0,93.0,2.3,138.0,4.4,7.9,26.0,5700.0,4.8,no,no,yes,good,no,yes,ckd,no,Stage 4,user236,user236@example.com,password123,+639596330608
236,65.0,80.0,1.02,0.0,0.0,normal,normal,notpresent,notpresent,74.0,66.0,2.0,136.0,5.4,9.1,25.0,8000.0,4.8,yes,yes,yes,good,yes,no,ckd,yes,Stage 4,user237,user237@example.com,password123,+639682673089
237,80.0,70.0,1.015,2.0,2.0,normal,normal,notpresent,notpresent,141.0,53.0,2.2,138.0,4.4,12.7,40.0,9600.0,4.8,yes,yes,no,poor,yes,no,ckd,no,Stage 4,user238,user238@example.com,password123,+639915799223
238,72.0,100.0,1.02,0.0,0.0,normal,normal,notpresent,notpresent,201.0,241.0,13.4,127.0,4.8,9.4,28.0,8000.0,4.8,yes,yes,no,good,no,yes,ckd,no,Stage 5,user239,user239@example.com,password123,+639258992826
239,34.0,90.0,1.015,2.0,0.0,normal,normal,notpresent,notpresent,104.0,50.0,1.6,137.0,4.1,11.9,39.0,8000.0,4.8,no,no,no,good,no,no,ckd,no,Stage 3,user240,user240@example.com,password123,+639201375001
240,65.0,70.0,1.015,1.0,0.0,normal,normal,notpresent,notpresent,203.0,46.0,1.4,138.0,4.4,11.4,36.0,5000.0,4.1,yes,yes,no,poor,yes,no,ckd,yes,Stage 3,user241,user241@example.com,password123,+639672615288
241,57.0,70.0,1.015,1.0,0.0,normal,abnormal,notpresent,notpresent,165.0,45.0,1.5,140.0,3.3,10.4,31.0,4200.0,3.9,no,no,no,good,no,no,ckd,no,Stage 3,user242,user242@example.com,password123,+639210164833
242,69.0,70.0,1.01,4.0,3.0,normal,abnormal,present,present,214.0,96.0,6.3,120.0,3.9,9.4,28.0,11500.0,3.3,yes,yes,yes,good,yes,yes,ckd,yes,Stage 5,user243,user243@example.com,password123,+639454618507
243,62.0,90.0,1.02,2.0,1.0,normal,normal,notpresent,notpresent,169.0,48.0,2.4,138.0,2.9,13.4,47.0,11000.0,6.1,yes,no,no,good,no,no,ckd,yes,Stage 4,user244,user244@example.com,password123,+639724534876
244,64.0,90.0,1.015,3.0,2.0,normal,abnormal,present,notpresent,463.0,64.0,2.8,135.0,4.1,12.2,40.0,9800.0,4.6,yes,yes,no,good,no,yes,ckd,no,Stage 4,user245,user245@example.com,password123,+639809471996
245,48.0,100.0,1.02,0.0,0.0,normal,normal,notpresent,notpresent,103.0,79.0,5.3,135.0,6.3,6.3,19.0,7200.0,2.6,yes,no,yes,poor,no,no,ckd,no,Stage 5,user246,user246@example.com,password123,+639122445972
246,48.0,110.0,1.015,3.0,0.0,abnormal,normal,present,notpresent,106.0,215.0,15.2,120.0,5.7,8.6,26.0,5000.0,2.5,yes,no,yes,good,no,yes,ckd,no,Stage 5,user247,user247@example.com,password123,+639705584316
247,54.0,90.0,1.025,1.0,0.0,normal,abnormal,notpresent,notpresent,150.0,18.0,1.2,140.0,4.2,12.65,40.0,8000.0,4.8,no,no,no,poor,yes,yes,ckd,no,Stage 3,user248,user248@example.com,password123,+639434669370
248,59.0,70.0,1.01,1.0,3.0,abnormal,abnormal,notpresent,notpresent,424.0,55.0,1.7,138.0,4.5,12.6,37.0,10200.0,4.1,yes,yes,yes,good,no,no,ckd,yes,Stage 3,user249,user249@example.com,password123,+639536887731
249,56.0,90.0,1.01,4.0,1.0,normal,abnormal,present,notpresent,176.0,309.0,13.3,124.0,6.5,3.1,9.0,5400.0,2.1,yes,yes,no,poor,yes,yes,ckd,yes,Stage 5,user250,user250@example.com,password123,+639943578033
250,40.0,80.0,1.025,0.0,0.0,normal,normal,notpresent,notpresent,140.0,10.0,1.2,135.0,5.0,15.0,48.0,10400.0,4.5,no,no,no,good,no,no,notckd,yes,Stage 3,user251,user251@example.com,password123,+639944909350
251,23.0,80.0,1.025,0.0,0.0,normal,normal,notpresent,notpresent,70.0,36.0,1.0,150.0,4.6,17.0,52.0,9800.0,5.0,no,no,no,good,no,no,notckd,no,Stage 1-2,user252,user252@example.com,password123,+639470851376
252,45.0,80.0,1.025,0.0,0.0,normal,normal,notpresent,notpresent,82.0,49.0,0.6,147.0,4.4,15.9,46.0,9100.0,4.7,no,no,no,good,no,no,notckd,no,Stage 1-2,user253,user253@example.com,password123,+639418026332
253,57.0,80.0,1.025,0.0,0.0,normal,normal,notpresent,notpresent,119.0,17.0,1.2,135.0,4.7,15.4,42.0,6200.0,6.2,no,no,no,good,no,no,notckd,no,Stage 3,user254,user254@example.com,password123,+639544858300
254,51.0,60.0,1.025,0.0,0.0,normal,normal,notpresent,notpresent,99.0,38.0,0.8,135.0,3.7,13.0,49.0,8300.0,5.2,no,no,no,good,no,no,notckd,no,Stage 1-2,user255,user255@example.com,password123,+639492543074
255,34.0,80.0,1.025,0.0,0.0,normal,normal,notpresent,notpresent,121.0,27.0,1.2,144.0,3.9,13.6,52.0,9200.0,6.3,no,no,no,good,no,no,notckd,yes,Stage 3,user256,user256@example.com,password123,+639610370520
256,60.0,80.0,1.025,0.0,0.0,normal,normal,notpresent,notpresent,131.0,10.0,0.5,146.0,5.0,14.5,41.0,10700.0,5.1,no,no,no,good,no,no,notckd,yes,Stage 1-2,user257,user257@example.com,password123,+639473852385
257,38.0,60.0,1.02,0.0,0.0,normal,normal,notpresent,notpresent,91.0,36.0,0.7,135.0,3.7,14.0,46.0,9100.0,5.8,no,no,no,good,no,no,notckd,no,Stage 1-2,user258,user258@example.com,password123,+639232356970
258,42.0,80.0,1.02,0.0,0.0,normal,normal,notpresent,notpresent,98.0,20.0,0.5,140.0,3.5,13.9,44.0,8400.0,5.5,no,no,no,good,no,no,notckd,no,Stage 1-2,user259,user259@example.com,password123,+639521228456
259,35.0,80.0,1.02,0.0,0.0,normal,normal,notpresent,notpresent,104.0,31.0,1.2,135.0,5.0,16.1,45.0,4300.0,5.2,no,no,no,good,no,no,notckd,no,Stage 3,user260,user260@example.com,password123,+639595328868
260,30.0,80.0,1.02,0.0,0.0,normal,normal,notpresent,notpresent,131.0,38.0,1.0,147.0,3.8,14.1,45.0,9400.0,5.3,no,no,no,good,no,no,notckd,no,Stage 1-2,user261,user261@example.com,password123,+639702232136
261,49.0,80.0,1.02,0.0,0.0,normal,normal,notpresent,notpresent,122.0,32.0,1.2,139.0,3.9,17.0,41.0,5600.0,4.9,no,no,no,good,no,no,notckd,no,Stage 3,user262,user262@example.com,password123,+639173117293
262,55.0,80.0,1.02,0.0,0.0,normal,normal,notpresent,notpresent,118.0,18.0,0.9,135.0,3.6,15.5,43.0,7200.0,5.4,no,no,no,good,no,no,notckd,yes,Stage 1-2,user263,user263@example.com,password123,+639462121220
263,45.0,80.0,1.02,0.0,0.0,normal,normal,notpresent,notpresent,117.0,46.0,1.2,137.0,5.0,16.2,45.0,8600.0,5.2,no,no,no,good,no,no,notckd,yes,Stage 3,user264,user264@example.com,password123,+639182236245
264,42.0,80.0,1.02,0.0,0.0,normal,normal,notpresent,notpresent,132.0,24.0,0.7,140.0,4.1,14.4,50.0,5000.0,4.5,no,no,no,good,no,no,notckd,yes,Stage 1-2,user265,user265@example.com,password123,+639524008465
265,50.0,80.0,1.02,0.0,0.0,normal,normal,notpresent,notpresent,97.0,40.0,0.6,150.0,4.5,14.2,48.0,10500.0,5.0,no,no,no,good,no,no,notckd,no,Stage 1-2,user266,user266@example.com,password123,+639403327839
266,55.0,80.0,1.02,0.0,0.0,normal,normal,notpresent,notpresent,133.0,17.0,1.2,135.0,4.8,13.2,41.0,6800.0,5.3,no,no,no,good,no,no,notckd,no,Stage 3,user267,user267@example.com,password123,+639440199600
267,48.0,80.0,1.025,0.0,0.0,normal,normal,notpresent,notpresent,122.0,33.0,0.9,146.0,3.9,13.9,48.0,9500.0,4.8,no,no,no,good,no,no,notckd,no,Stage 1-2,user268,user268@example.com,password123,+639697947028
268,55.0,80.0,1.02,0.0,0.0,normal,normal,notpresent,notpresent,100.0,49.0,1.0,140.0,5.0,16.3,53.0,8500.0,4.9,no,no,no,good,no,no,notckd,no,Stage 1-2,user269,user269@example.com,password123,+639301051514
269,25.0,80.0,1.025,0.0,0.0,normal,normal,notpresent,notpresent,121.0,19.0,1.2,142.0,4.9,15.0,48.0,6900.0,5.3,no,no,no,good,no,no,notckd,no,Stage 3,user270,user270@example.com,password123,+639140228778
270,23.0,80.0,1.025,0.0,0.0,normal,normal,notpresent,notpresent,111.0,34.0,1.1,145.0,4.0,14.3,41.0,7200.0,5.0,no,no,no,good,no,no,notckd,no,Stage 1-2,user271,user271@example.com,password123,+639888014376
271,30.0,80.0,1.025,0.0,0.0,normal,normal,notpresent,notpresent,96.0,25.0,0.5,144.0,4.8,13.8,42.0,9000.0,4.5,no,no,no,good,no,no,notckd,no,Stage 1-2,user272,user272@example.com,password123,+639162695777
272,56.0,80.0,1.025,0.0,0.0,normal,normal,notpresent,notpresent,139.0,15.0,1.2,135.0,5.0,14.8,42.0,5600.0,5.5,no,no,no,good,no,no,notckd,yes,Stage 3,user273,user273@example.com,password123,+639511557086
273,47.0,80.0,1.02,0.0,0.0,normal,normal,notpresent,notpresent,95.0,35.0,0.9,140.0,4.1,12.65,40.0,8000.0,4.8,no,no,no,good,no,no,notckd,no,Stage 1-2,user274,user274@example.com,password123,+639656968459
274,19.0,80.0,1.02,0.0,0.0,normal,normal,notpresent,notpresent,107.0,23.0,0.7,141.0,4.2,14.4,44.0,8000.0,4.8,no,no,no,good,no,no,notckd,no,Stage 1-2,user275,user275@example.com,password123,+639931890012
275,52.0,80.0,1.02,0.0,0.0,normal,normal,notpresent,notpresent,125.0,22.0,1.2,139.0,4.6,16.5,43.0,4700.0,4.6,no,no,no,good,no,no,notckd,yes,Stage 3,user276,user276@example.com,password123,+639335288819
276,20.0,60.0,1.025,0.0,0.0,normal,normal,notpresent,notpresent,121.0,42.0,1.3,137.0,4.7,14.0,41.0,4500.0,5.5,no,no,no,good,no,no,notckd,no,Stage 3,user277,user277@example.com,password123,+639520376647
277,46.0,60.0,1.025,0.0,0.0,normal,normal,notpresent,notpresent,123.0,46.0,1.0,135.0,5.0,15.7,50.0,6300.0,4.8,no,no,no,good,no,no,notckd,no,Stage 1-2,user278,user278@example.com,password123,+639608010082
278,48.0,60.0,1.02,0.0,0.0,normal,normal,notpresent,notpresent,112.0,44.0,1.2,142.0,4.9,14.5,44.0,9400.0,6.4,no,no,no,good,no,no,notckd,yes,Stage 3,user279,user279@example.com,password123,+639559503218
279,24.0,70.0,1.025,0.0,0.0,normal,normal,notpresent,notpresent,140.0,23.0,0.6,140.0,4.7,16.3,48.0,5800.0,5.6,no,no,no,good,no,no,notckd,no,Stage 1-2,user280,user280@example.com,password123,+639425392231
280,47.0,80.0,1.02,0.0,0.0,normal,normal,notpresent,notpresent,93.0,33.0,0.9,144.0,4.5,13.3,52.0,8100.0,5.2,no,no,no,good,no,no,notckd,no,Stage 1-2,user281,user281@example.com,password123,+639297644434
281,55.0,80.0,1.025,0.0,0.0,normal,normal,notpresent,notpresent,130.0,50.0,1.2,147.0,5.0,15.5,41.0,9100.0,6.0,no,no,no,good,no,no,notckd,no,Stage 3,user282,user282@example.com,password123,+639204605027
282,20.0,70.0,1.02,0.0,0.0,normal,normal,notpresent,notpresent,123.0,44.0,1.0,135.0,3.8,14.6,44.0,5500.0,4.8,no,no,no,good,no,no,notckd,no,Stage 1-2,user283,user283@example.com,password123,+639279703700
283,60.0,70.0,1.02,0.0,0.0,normal,normal,notpresent,notpresent,121.0,42.0,1.3,138.0,4.4,16.4,43.0,10800.0,5.7,no,no,no,good,no,no,notckd,no,Stage 3,user284,user284@example.com,password123,+639835438770
284,33.0,80.0,1.025,0.0,0.0,normal,normal,notpresent,notpresent,100.0,37.0,1.2,142.0,4.0,16.9,52.0,6700.0,6.0,no,no,no,good,no,no,notckd,no,Stage 3,user285,user285@example.com,password123,+639431869479
285,66.0,70.0,1.02,0.0,0.0,normal,normal,notpresent,notpresent,94.0,19.0,0.7,135.0,3.9,16.0,41.0,5300.0,5.9,no,no,no,good,no,no,notckd,no,Stage 1-2,user286,user286@example.com,password123,+639834320650
286,71.0,70.0,1.02,0.0,0.0,normal,normal,notpresent,notpresent,81.0,18.0,0.8,145.0,5.0,14.7,44.0,9800.0,6.0,no,no,no,good,no,no,notckd,no,Stage 1-2,user287,user287@example.com,password123,+639675425632
287,39.0,70.0,1.025,0.0,0.0,normal,normal,notpresent,notpresent,124.0,22.0,0.6,137.0,3.8,13.4,43.0,8000.0,4.8,no,no,no,good,no,no,notckd,no,Stage 1-2,user288,user288@example.com,password123,+639403500089
288,56.0,70.0,1.025,0.0,0.0,normal,normal,notpresent,notpresent,70.0,46.0,1.2,135.0,4.9,15.9,50.0,11000.0,5.1,no,no,no,good,no,no,notckd,yes,Stage 3,user289,user289@example.com,password123,+639939156965
289,42.0,70.0,1.02,0.0,0.0,normal,normal,notpresent,notpresent,93.0,32.0,0.9,143.0,4.7,16.6,43.0,7100.0,5.3,no,no,no,good,no,no,notckd,no,Stage 1-2,user290,user290@example.com,password123,+639101861784
290,54.0,70.0,1.02,0.0,0.0,normal,normal,notpresent,notpresent,76.0,28.0,0.6,146.0,3.5,14.8,52.0,8400.0,5.9,no,no,no,good,no,no,notckd,no,Stage 1-2,user291,user291@example.com,password123,+639879357723
291,47.0,80.0,1.025,0.0,0.0,normal,normal,notpresent,notpresent,124.0,44.0,1.0,140.0,4.9,14.9,41.0,7000.0,5.7,no,no,no,good,no,no,notckd,no,Stage 1-2,user292,user292@example.com,password123,+639421316448
292,30.0,80.0,1.02,0.0,0.0,normal,normal,notpresent,notpresent,89.0,42.0,0.5,139.0,5.0,16.7,52.0,10200.0,5.0,no,no,no,good,no,no,notckd,yes,Stage 1-2,user293,user293@example.com,password123,+639153884473
293,50.0,80.0,1.02,0.0,0.0,normal,normal,notpresent,notpresent,92.0,19.0,1.2,150.0,4.8,14.9,48.0,4700.0,5.4,no,no,no,good,no,no,notckd,no,Stage 3,user294,user294@example.com,password123,+639510752526
294,75.0,60.0,1.02,0.0,0.0,normal,normal,notpresent,notpresent,110.0,50.0,0.7,135.0,5.0,14.3,40.0,8300.0,5.8,no,no,no,good,no,no,notckd,yes,Stage 1-2,user295,user295@example.com,password123,+639434952915
295,44.0,70.0,1.02,0.0,0.0,normal,normal,notpresent,notpresent,106.0,25.0,0.9,150.0,3.6,15.0,50.0,9600.0,6.5,no,no,no,good,no,no,notckd,no,Stage 1-2,user296,user296@example.com,password123,+639389442267
296,41.0,70.0,1.02,0.0,0.0,normal,normal,notpresent,notpresent,125.0,38.0,0.6,140.0,5.0,16.8,41.0,6300.0,5.9,no,no,no,good,no,no,notckd,yes,Stage 1-2,user297,user297@example.com,password123,+639420304881
297,53.0,60.0,1.025,0.0,0.0,normal,normal,notpresent,notpresent,116.0,26.0,1.0,146.0,4.9,15.8,45.0,7700.0,5.2,no,no,no,good,no,no,notckd,no,Stage 1-2,user298,user298@example.com,password123,+639681628687
298,34.0,60.0,1.02,0.0,0.0,normal,normal,notpresent,notpresent,91.0,49.0,1.2,135.0,4.5,13.5,48.0,8600.0,4.9,no,no,no,good,no,no,notckd,no,Stage 3,user299,user299@example.com,password123,+639447633708
299,73.0,60.0,1.02,0.0,0.0,normal,normal,notpresent,notpresent,127.0,48.0,0.5,150.0,3.5,15.1,52.0,11000.0,4.7,no,no,no,good,no,no,notckd,no,Stage 1-2,user300,user300@example.com,password123,+639372632136
300,45.0,60.0,1.02,0.0,0.0,normal,normal,notpresent,notpresent,114.0,26.0,0.7,141.0,4.2,15.0,43.0,9200.0,5.8,no,no,no,good,no,no,notckd,no,Stage 1-2,user301,user301@example.com,password123,+639989682157
301,44.0,60.0,1.025,0.0,0.0,normal,normal,notpresent,notpresent,96.0,33.0,0.9,147.0,4.5,16.9,41.0,7200.0,5.0,no,no,no,good,no,no,notckd,no,Stage 1-2,user302,user302@example.com,password123,+639132967194
302,29.0,70.0,1.02,0.0,0.0,normal,normal,notpresent,notpresent,127.0,44.0,1.2,145.0,5.0,14.8,48.0,8000.0,4.8,no,no,no,good,no,no,notckd,no,Stage 3,user303,user303@example.com,password123,+639358607335
303,55.0,70.0,1.02,0.0,0.0,normal,normal,notpresent,notpresent,107.0,26.0,1.1,138.0,4.4,17.0,50.0,6700.0,6.1,no,no,no,good,no,no,notckd,no,Stage 1-2,user304,user304@example.com,password123,+639307978213
304,33.0,80.0,1.025,0.0,0.0,normal,normal,notpresent,notpresent,128.0,38.0,0.6,135.0,3.9,13.1,45.0,6200.0,4.5,no,no,no,good,no,no,notckd,yes,Stage 1-2,user305,user305@example.com,password123,+639964995747
305,41.0,80.0,1.02,0.0,0.0,normal,normal,notpresent,notpresent,122.0,25.0,0.8,138.0,5.0,17.1,41.0,9100.0,5.2,no,no,no,good,no,no,notckd,no,Stage 1-2,user306,user306@example.com,password123,+639820490831
306,52.0,80.0,1.02,0.0,0.0,normal,normal,notpresent,notpresent,128.0,30.0,1.2,140.0,4.5,15.2,52.0,4300.0,5.7,no,no,no,good,no,no,notckd,no,Stage 3,user307,user307@example.com,password123,+639595809193
307,47.0,60.0,1.02,0.0,0.0,normal,normal,notpresent,notpresent,137.0,17.0,0.5,150.0,3.5,13.6,44.0,7900.0,4.5,no,no,no,good,no,no,notckd,yes,Stage 1-2,user308,user308@example.com,password123,+639121569518
308,43.0,80.0,1.025,0.0,0.0,normal,normal,notpresent,notpresent,81.0,46.0,0.6,135.0,4.9,13.9,48.0,6900.0,4.9,no,no,no,good,no,no,notckd,no,Stage 1-2,user309,user309@example.com,password123,+639205836170
309,51.0,60.0,1.02,0.0,0.0,normal,normal,notpresent,notpresent,129.0,25.0,1.2,139.0,5.0,17.2,40.0,8100.0,5.9,no,no,no,good,no,no,notckd,no,Stage 3,user310,user310@example.com,password123,+639209052675
310,46.0,60.0,1.02,0.0,0.0,normal,normal,notpresent,notpresent,102.0,27.0,0.7,142.0,4.9,13.2,44.0,11000.0,5.4,no,no,no,good,no,no,notckd,no,Stage 1-2,user311,user311@example.com,password123,+639986752775
311,56.0,60.0,1.025,0.0,0.0,normal,normal,notpresent,notpresent,132.0,18.0,1.1,147.0,4.7,13.7,45.0,7500.0,5.6,no,no,no,good,no,no,notckd,yes,Stage 1-2,user312,user312@example.com,password123,+639949092796
312,80.0,70.0,1.02,0.0,0.0,normal,normal,notpresent,notpresent,121.0,42.0,1.3,135.0,4.1,15.3,48.0,6300.0,6.1,no,no,no,good,no,no,notckd,no,Stage 3,user313,user313@example.com,password123,+639218311068
313,55.0,80.0,1.02,0.0,0.0,normal,normal,notpresent,notpresent,104.0,28.0,0.9,142.0,4.8,17.3,52.0,8200.0,4.8,no,no,no,good,no,no,notckd,no,Stage 1-2,user314,user314@example.com,password123,+639772604752
314,39.0,70.0,1.025,0.0,0.0,normal,normal,notpresent,notpresent,131.0,46.0,0.6,145.0,5.0,15.6,41.0,9400.0,4.7,no,no,no,good,no,no,notckd,no,Stage 1-2,user315,user315@example.com,password123,+639215297388
315,44.0,70.0,1.025,0.0,0.0,normal,normal,notpresent,notpresent,121.0,42.0,1.3,138.0,4.4,13.8,48.0,7800.0,4.4,no,no,no,good,no,no,notckd,yes,Stage 3,user316,user316@example.com,password123,+639753743159
316,35.0,80.0,1.02,0.0,0.0,normal,normal,notpresent,notpresent,99.0,30.0,0.5,135.0,4.9,15.4,48.0,5000.0,5.2,no,no,no,good,no,no,notckd,no,Stage 1-2,user317,user317@example.com,password123,+639878536013
317,58.0,70.0,1.02,0.0,0.0,normal,normal,notpresent,notpresent,102.0,48.0,1.2,139.0,4.3,15.0,40.0,8100.0,4.9,no,no,no,good,no,no,notckd,no,Stage 3,user318,user318@example.com,password123,+639630399726
318,61.0,70.0,1.025,0.0,0.0,normal,normal,notpresent,notpresent,120.0,29.0,0.7,137.0,3.5,17.4,52.0,7000.0,5.3,no,no,no,good,no,no,notckd,no,Stage 1-2,user319,user319@example.com,password123,+639597933394
319,30.0,60.0,1.02,0.0,0.0,normal,normal,notpresent,notpresent,138.0,15.0,1.1,135.0,4.4,12.65,40.0,8000.0,4.8,no,no,no,good,no,no,notckd,no,Stage 1-2,user320,user320@example.com,password123,+639216471958
320,57.0,60.0,1.02,0.0,0.0,normal,normal,notpresent,notpresent,105.0,49.0,1.2,150.0,4.7,15.7,44.0,10400.0,6.2,no,no,no,good,no,no,notckd,no,Stage 3,user321,user321@example.com,password123,+639412437583
321,65.0,60.0,1.02,0.0,0.0,normal,normal,notpresent,notpresent,109.0,39.0,1.0,144.0,3.5,13.9,48.0,9600.0,4.8,no,no,no,good,no,no,notckd,no,Stage 1-2,user322,user322@example.com,password123,+639598608765
322,70.0,60.0,1.02,0.0,0.0,normal,normal,notpresent,notpresent,120.0,40.0,0.5,140.0,4.6,16.0,43.0,4500.0,4.9,no,no,no,good,no,no,notckd,no,Stage 1-2,user323,user323@example.com,password123,+639511989853
323,43.0,80.0,1.025,0.0,0.0,normal,normal,notpresent,notpresent,130.0,30.0,1.1,143.0,5.0,15.9,45.0,7800.0,4.5,no,no,no,good,no,no,notckd,no,Stage 1-2,user324,user324@example.com,password123,+639144380628
324,40.0,80.0,1.02,0.0,0.0,normal,normal,notpresent,notpresent,119.0,15.0,0.7,150.0,4.9,12.65,40.0,8000.0,4.8,no,no,no,good,no,no,notckd,no,Stage 1-2,user325,user325@example.com,password123,+639195085092
325,58.0,80.0,1.02,0.0,0.0,normal,normal,notpresent,notpresent,100.0,50.0,1.2,140.0,3.5,14.0,50.0,6700.0,6.5,no,no,no,good,no,no,notckd,yes,Stage 3,user326,user326@example.com,password123,+639554303148
326,47.0,60.0,1.02,0.0,0.0,normal,normal,notpresent,notpresent,109.0,25.0,1.1,141.0,4.7,15.8,41.0,8300.0,5.2,no,no,no,good,no,no,notckd,no,Stage 1-2,user327,user327@example.com,password123,+639487184176
327,30.0,60.0,1.025,0.0,0.0,normal,normal,notpresent,notpresent,120.0,31.0,0.8,150.0,4.6,13.4,44.0,10700.0,5.8,no,no,no,good,no,no,notckd,no,Stage 1-2,user328,user328@example.com,password123,+639564767408
328,28.0,70.0,1.02,0.0,0.0,normal,normal,notpresent,notpresent,131.0,29.0,0.6,145.0,4.9,12.65,45.0,8600.0,6.5,no,no,no,good,no,no,notckd,no,Stage 1-2,user329,user329@example.com,password123,+639482650953
329,33.0,60.0,1.025,0.0,0.0,normal,normal,notpresent,notpresent,80.0,25.0,0.9,146.0,3.5,14.1,48.0,7800.0,5.1,no,no,no,good,no,no,notckd,no,Stage 1-2,user330,user330@example.com,password123,+639552822979
330,43.0,80.0,1.02,0.0,0.0,normal,normal,notpresent,notpresent,114.0,32.0,1.1,135.0,3.9,12.65,42.0,8000.0,4.8,no,no,no,good,no,no,notckd,no,Stage 1-2,user331,user331@example.com,password123,+639899253699
331,59.0,70.0,1.025,0.0,0.0,normal,normal,notpresent,notpresent,130.0,39.0,0.7,147.0,4.7,13.5,46.0,6700.0,4.5,no,no,no,good,no,no,notckd,yes,Stage 1-2,user332,user332@example.com,password123,+639876588422
332,34.0,70.0,1.025,0.0,0.0,normal,normal,notpresent,notpresent,121.0,33.0,1.0,150.0,5.0,15.3,44.0,10500.0,6.1,no,no,no,good,no,no,notckd,yes,Stage 1-2,user333,user333@example.com,password123,+639229440611
333,23.0,80.0,1.02,0.0,0.0,normal,normal,notpresent,notpresent,99.0,46.0,1.2,142.0,4.0,17.7,46.0,4300.0,5.5,no,no,no,good,no,no,notckd,no,Stage 3,user334,user334@example.com,password123,+639455214281
334,24.0,80.0,1.025,0.0,0.0,normal,normal,notpresent,notpresent,125.0,42.0,1.3,136.0,3.5,15.4,43.0,5600.0,4.5,no,no,no,good,no,no,notckd,yes,Stage 3,user335,user335@example.com,password123,+639177187360
335,60.0,60.0,1.02,0.0,0.0,normal,normal,notpresent,notpresent,134.0,45.0,0.5,139.0,4.8,14.2,48.0,10700.0,5.6,no,no,no,good,no,no,notckd,no,Stage 1-2,user336,user336@example.com,password123,+639882492729
336,25.0,60.0,1.02,0.0,0.0,normal,normal,notpresent,notpresent,119.0,27.0,0.5,138.0,4.4,15.2,40.0,9200.0,5.2,no,no,no,good,no,no,notckd,yes,Stage 1-2,user337,user337@example.com,password123,+639730731510
337,44.0,70.0,1.025,0.0,0.0,normal,normal,notpresent,notpresent,92.0,40.0,0.9,141.0,4.9,14.0,52.0,7500.0,6.2,no,no,no,good,no,no,notckd,yes,Stage 1-2,user338,user338@example.com,password123,+639277923094
338,62.0,80.0,1.02,0.0,0.0,normal,normal,notpresent,notpresent,132.0,34.0,0.8,147.0,3.5,17.8,44.0,4700.0,4.5,no,no,no,good,no,no,notckd,yes,Stage 1-2,user339,user339@example.com,password123,+639361065343
339,25.0,70.0,1.02,0.0,0.0,normal,normal,notpresent,notpresent,88.0,42.0,0.5,136.0,3.5,13.3,48.0,7000.0,4.9,no,no,no,good,no,no,notckd,yes,Stage 1-2,user340,user340@example.com,password123,+639438495773
340,32.0,70.0,1.025,0.0,0.0,normal,normal,notpresent,notpresent,100.0,29.0,1.1,142.0,4.5,14.3,43.0,6700.0,5.9,no,no,no,good,no,no,notckd,no,Stage 1-2,user341,user341@example.com,password123,+639821705516
341,63.0,70.0,1.025,0.0,0.0,normal,normal,notpresent,notpresent,130.0,37.0,0.9,150.0,5.0,13.4,41.0,7300.0,4.7,no,no,no,good,no,no,notckd,no,Stage 1-2,user342,user342@example.com,password123,+639971991695
342,44.0,60.0,1.02,0.0,0.0,normal,normal,notpresent,notpresent,95.0,46.0,0.5,138.0,4.2,15.0,50.0,7700.0,6.3,no,no,no,good,no,no,notckd,no,Stage 1-2,user343,user343@example.com,password123,+639465040527
343,37.0,60.0,1.025,0.0,0.0,normal,normal,notpresent,notpresent,111.0,35.0,0.8,135.0,4.1,16.2,50.0,5500.0,5.7,no,no,no,good,no,no,notckd,no,Stage 1-2,user344,user344@example.com,password123,+639383015813
344,64.0,60.0,1.02,0.0,0.0,normal,normal,notpresent,notpresent,106.0,27.0,0.7,150.0,3.3,14.4,42.0,8100.0,4.7,no,no,no,good,no,no,notckd,no,Stage 1-2,user345,user345@example.com,password123,+639414078877
345,22.0,60.0,1.025,0.0,0.0,normal,normal,notpresent,notpresent,97.0,18.0,1.2,138.0,4.3,13.5,42.0,7900.0,6.4,no,no,no,good,no,no,notckd,no,Stage 3,user346,user346@example.com,password123,+639910865194
346,33.0,60.0,1.02,0.0,0.0,normal,normal,notpresent,notpresent,130.0,41.0,0.9,141.0,4.4,15.5,52.0,4300.0,5.8,no,no,no,good,no,no,notckd,no,Stage 1-2,user347,user347@example.com,password123,+639101801077
347,43.0,60.0,1.025,0.0,0.0,normal,normal,notpresent,notpresent,108.0,25.0,1.0,144.0,5.0,17.8,43.0,7200.0,5.5,no,no,no,good,no,no,notckd,yes,Stage 1-2,user348,user348@example.com,password123,+639214555065
348,38.0,80.0,1.02,0.0,0.0,normal,normal,notpresent,notpresent,99.0,19.0,0.5,147.0,3.5,13.6,44.0,7300.0,6.4,no,no,no,good,no,no,notckd,yes,Stage 1-2,user349,user349@example.com,password123,+639963682601
349,35.0,70.0,1.025,0.0,0.0,normal,normal,notpresent,notpresent,82.0,36.0,1.1,150.0,3.5,14.5,52.0,9400.0,6.1,no,no,no,good,no,no,notckd,no,Stage 1-2,user350,user350@example.com,password123,+639438844311
350,65.0,70.0,1.025,0.0,0.0,normal,normal,notpresent,notpresent,85.0,20.0,1.0,142.0,4.8,16.1,43.0,9600.0,4.5,no,no,no,good,no,no,notckd,no,Stage 1-2,user351,user351@example.com,password123,+639448511444
351,29.0,80.0,1.02,0.0,0.0,normal,normal,notpresent,notpresent,83.0,49.0,0.9,139.0,3.3,17.5,40.0,9900.0,4.7,no,no,no,good,no,no,notckd,yes,Stage 1-2,user352,user352@example.com,password123,+639559744188
352,37.0,60.0,1.02,0.0,0.0,normal,normal,notpresent,notpresent,109.0,47.0,1.1,141.0,4.9,15.0,48.0,7000.0,5.2,no,no,no,good,no,no,notckd,no,Stage 1-2,user353,user353@example.com,password123,+639761931803
353,39.0,60.0,1.02,0.0,0.0,normal,normal,notpresent,notpresent,86.0,37.0,0.6,150.0,5.0,13.6,51.0,5800.0,4.5,no,no,no,good,no,no,notckd,yes,Stage 1-2,user354,user354@example.com,password123,+639470184726
354,32.0,60.0,1.025,0.0,0.0,normal,normal,notpresent,notpresent,102.0,17.0,0.4,147.0,4.7,14.6,41.0,6800.0,5.1,no,no,no,good,no,no,notckd,no,Stage 1-2,user355,user355@example.com,password123,+639335482544
355,23.0,60.0,1.02,0.0,0.0,normal,normal,notpresent,notpresent,95.0,24.0,0.8,145.0,5.0,15.0,52.0,6300.0,4.6,no,no,no,good,no,no,notckd,yes,Stage 1-2,user356,user356@example.com,password123,+639374317577
356,34.0,70.0,1.025,0.0,0.0,normal,normal,notpresent,notpresent,87.0,38.0,0.5,144.0,4.8,17.1,47.0,7400.0,6.1,no,no,no,good,no,no,notckd,no,Stage 1-2,user357,user357@example.com,password123,+639664575859
357,66.0,70.0,1.025,0.0,0.0,normal,normal,notpresent,notpresent,107.0,16.0,1.1,140.0,3.6,13.6,42.0,11000.0,4.9,no,no,no,good,no,no,notckd,no,Stage 1-2,user358,user358@example.com,password123,+639605878141
358,47.0,60.0,1.02,0.0,0.0,normal,normal,notpresent,notpresent,117.0,22.0,1.2,138.0,3.5,13.0,45.0,5200.0,5.6,no,no,no,good,no,no,notckd,no,Stage 3,user359,user359@example.com,password123,+639487871622
359,74.0,60.0,1.02,0.0,0.0,normal,normal,notpresent,notpresent,88.0,50.0,0.6,147.0,3.7,17.2,53.0,6000.0,4.5,no,no,no,good,no,no,notckd,no,Stage 1-2,user360,user360@example.com,password123,+639492220294
360,35.0,60.0,1.025,0.0,0.0,normal,normal,notpresent,notpresent,105.0,39.0,0.5,135.0,3.9,14.7,43.0,5800.0,6.2,no,no,no,good,no,no,notckd,yes,Stage 1-2,user361,user361@example.com,password123,+639114870574
361,29.0,80.0,1.02,0.0,0.0,normal,normal,notpresent,notpresent,70.0,16.0,0.7,138.0,3.5,13.7,54.0,5400.0,5.8,no,no,no,good,no,no,notckd,no,Stage 1-2,user362,user362@example.com,password123,+639113194925
362,33.0,80.0,1.025,0.0,0.0,normal,normal,notpresent,notpresent,89.0,19.0,1.1,144.0,5.0,15.0,40.0,10300.0,4.8,no,no,no,good,no,no,notckd,no,Stage 1-2,user363,user363@example.com,password123,+639733178750
363,67.0,80.0,1.025,0.0,0.0,normal,normal,notpresent,notpresent,99.0,40.0,0.5,138.0,4.4,17.8,44.0,5900.0,5.2,no,no,no,good,no,no,notckd,no,Stage 1-2,user364,user364@example.com,password123,+639150960879
364,73.0,80.0,1.025,0.0,0.0,normal,normal,notpresent,notpresent,118.0,44.0,0.7,137.0,3.5,14.8,45.0,9300.0,4.7,no,no,no,good,no,no,notckd,no,Stage 1-2,user365,user365@example.com,password123,+639574904895
365,24.0,80.0,1.02,0.0,0.0,normal,normal,notpresent,notpresent,93.0,46.0,1.0,145.0,3.5,12.65,40.0,10700.0,6.3,no,no,no,good,no,no,notckd,no,Stage 1-2,user366,user366@example.com,password123,+639141585934
366,60.0,80.0,1.025,0.0,0.0,normal,normal,notpresent,notpresent,81.0,15.0,0.5,141.0,3.6,15.0,46.0,10500.0,5.3,no,no,no,good,no,no,notckd,no,Stage 1-2,user367,user367@example.com,password123,+639780923165
367,68.0,60.0,1.025,0.0,0.0,normal,normal,notpresent,notpresent,125.0,41.0,1.1,139.0,3.8,17.4,50.0,6700.0,6.1,no,no,no,good,no,no,notckd,no,Stage 1-2,user368,user368@example.com,password123,+639654838329
368,30.0,80.0,1.025,0.0,0.0,normal,normal,notpresent,notpresent,82.0,42.0,0.7,146.0,5.0,14.9,45.0,9400.0,5.9,no,no,no,good,no,no,notckd,no,Stage 1-2,user369,user369@example.com,password123,+639154283354
369,75.0,70.0,1.02,0.0,0.0,normal,normal,notpresent,notpresent,107.0,48.0,0.8,144.0,3.5,13.6,46.0,10300.0,4.8,no,no,no,good,no,no,notckd,yes,Stage 1-2,user370,user370@example.com,password123,+639626935572
370,69.0,70.0,1.02,0.0,0.0,normal,normal,notpresent,notpresent,83.0,42.0,1.2,139.0,3.7,16.2,50.0,9300.0,5.4,no,no,no,good,no,no,notckd,no,Stage 3,user371,user371@example.com,password123,+639119416123
371,28.0,60.0,1.025,0.0,0.0,normal,normal,notpresent,notpresent,79.0,50.0,0.5,145.0,5.0,17.6,51.0,6500.0,5.0,no,no,no,good,no,no,notckd,no,Stage 1-2,user372,user372@example.com,password123,+639926808637
372,72.0,60.0,1.02,0.0,0.0,normal,normal,notpresent,notpresent,109.0,26.0,0.9,150.0,4.9,15.0,52.0,10500.0,5.5,no,no,no,good,no,no,notckd,no,Stage 1-2,user373,user373@example.com,password123,+639282123245
373,61.0,70.0,1.025,0.0,0.0,normal,normal,notpresent,notpresent,133.0,38.0,1.0,142.0,3.6,13.7,47.0,9200.0,4.9,no,no,no,good,no,no,notckd,no,Stage 1-2,user374,user374@example.com,password123,+639666901819
374,79.0,80.0,1.025,0.0,0.0,normal,normal,notpresent,notpresent,111.0,44.0,1.2,146.0,3.6,16.3,40.0,8000.0,6.4,no,no,no,good,no,no,notckd,no,Stage 3,user375,user375@example.com,password123,+639342033889
375,70.0,80.0,1.02,0.0,0.0,normal,normal,notpresent,notpresent,74.0,41.0,0.5,143.0,4.5,15.1,48.0,9700.0,5.6,no,no,no,good,no,no,notckd,no,Stage 1-2,user376,user376@example.com,password123,+639872030370
376,58.0,70.0,1.025,0.0,0.0,normal,normal,notpresent,notpresent,88.0,16.0,1.1,147.0,3.5,16.4,53.0,9100.0,5.2,no,no,no,good,no,no,notckd,no,Stage 1-2,user377,user377@example.com,password123,+639961772991
377,64.0,70.0,1.02,0.0,0.0,normal,normal,notpresent,notpresent,97.0,27.0,0.7,145.0,4.8,13.8,49.0,6400.0,4.8,no,no,no,good,no,no,notckd,no,Stage 1-2,user378,user378@example.com,password123,+639336169980
378,71.0,60.0,1.025,0.0,0.0,normal,normal,notpresent,notpresent,121.0,42.0,0.9,140.0,4.8,15.2,42.0,7700.0,5.5,no,no,no,good,no,no,notckd,no,Stage 1-2,user379,user379@example.com,password123,+639897421756
379,62.0,80.0,1.025,0.0,0.0,normal,normal,notpresent,notpresent,78.0,45.0,0.6,138.0,3.5,16.1,50.0,5400.0,5.7,no,no,no,good,no,no,notckd,no,Stage 1-2,user380,user380@example.com,password123,+639892404683
380,59.0,60.0,1.02,0.0,0.0,normal,normal,notpresent,notpresent,113.0,23.0,1.1,139.0,3.5,15.3,54.0,6500.0,4.9,no,no,no,good,no,no,notckd,no,Stage 1-2,user381,user381@example.com,password123,+639384706493
381,71.0,70.0,1.025,0.0,0.0,normal,normal,notpresent,notpresent,79.0,47.0,0.5,142.0,4.8,16.6,40.0,5800.0,5.9,no,no,no,good,no,no,notckd,no,Stage 1-2,user382,user382@example.com,password123,+639149039064
382,48.0,80.0,1.025,0.0,0.0,normal,normal,notpresent,notpresent,75.0,22.0,0.8,137.0,5.0,16.8,51.0,6000.0,6.5,no,no,no,good,no,no,notckd,yes,Stage 1-2,user383,user383@example.com,password123,+639667102464
383,80.0,80.0,1.025,0.0,0.0,normal,normal,notpresent,notpresent,119.0,46.0,0.7,141.0,4.9,13.9,49.0,5100.0,5.0,no,no,no,good,no,no,notckd,no,Stage 1-2,user384,user384@example.com,password123,+639910355171
384,57.0,60.0,1.02,0.0,0.0,normal,normal,notpresent,notpresent,132.0,18.0,1.1,150.0,4.7,15.4,42.0,11000.0,4.5,no,no,no,good,no,no,notckd,no,Stage 1-2,user385,user385@example.com,password123,+639305135791
385,63.0,70.0,1.02,0.0,0.0,normal,normal,notpresent,notpresent,113.0,25.0,0.6,146.0,4.9,16.5,52.0,8000.0,5.1,no,no,no,good,no,no,notckd,yes,Stage 1-2,user386,user386@example.com,password123,+639480599506
386,46.0,70.0,1.025,0.0,0.0,normal,normal,notpresent,notpresent,100.0,47.0,0.5,142.0,3.5,16.4,43.0,5700.0,6.5,no,no,no,good,no,no,notckd,yes,Stage 1-2,user387,user387@example.com,password123,+639837494015
387,15.0,80.0,1.025,0.0,0.0,normal,normal,notpresent,notpresent,93.0,17.0,0.9,136.0,3.9,16.7,50.0,6200.0,5.2,no,no,no,good,no,no,notckd,no,Stage 1-2,user388,user388@example.com,password123,+639615294366
388,51.0,80.0,1.02,0.0,0.0,normal,normal,notpresent,notpresent,94.0,15.0,1.2,144.0,3.7,15.5,46.0,9500.0,6.4,no,no,no,good,no,no,notckd,yes,Stage 3,user389,user389@example.com,password123,+639316852765
389,41.0,80.0,1.025,0.0,0.0,normal,normal,notpresent,notpresent,112.0,48.0,0.7,140.0,5.0,17.0,52.0,7200.0,5.8,no,no,no,good,no,no,notckd,no,Stage 1-2,user390,user390@example.com,password123,+639938975913
390,52.0,80.0,1.025,0.0,0.0,normal,normal,notpresent,notpresent,99.0,25.0,0.8,135.0,3.7,15.0,52.0,6300.0,5.3,no,no,no,good,no,no,notckd,no,Stage 1-2,user391,user391@example.com,password123,+639721021839
391,36.0,80.0,1.025,0.0,0.0,normal,normal,notpresent,notpresent,85.0,16.0,1.1,142.0,4.1,15.6,44.0,5800.0,6.3,no,no,no,good,no,no,notckd,no,Stage 1-2,user392,user392@example.com,password123,+639969814508
392,57.0,80.0,1.02,0.0,0.0,normal,normal,notpresent,notpresent,133.0,48.0,1.2,147.0,4.3,14.8,46.0,6600.0,5.5,no,no,no,good,no,no,notckd,yes,Stage 3,user393,user393@example.com,password123,+639299951460
393,43.0,60.0,1.025,0.0,0.0,normal,normal,notpresent,notpresent,117.0,45.0,0.7,141.0,4.4,13.0,54.0,7400.0,5.4,no,no,no,good,no,no,notckd,no,Stage 1-2,user394,user394@example.com,password123,+639710519583
394,50.0,80.0,1.02,0.0,0.0,normal,normal,notpresent,notpresent,137.0,46.0,0.8,139.0,5.0,14.1,45.0,9500.0,4.6,no,no,no,good,no,no,notckd,no,Stage 1-2,user395,user395@example.com,password123,+639499954871
395,55.0,80.0,1.02,0.0,0.0,normal,normal,notpresent,notpresent,140.0,49.0,0.5,150.0,4.9,15.7,47.0,6700.0,4.9,no,no,no,good,no,no,notckd,no,Stage 1-2,user396,user396@example.com,password123,+639616416047
396,42.0,70.0,1.025,0.0,0.0,normal,normal,notpresent,notpresent,75.0,31.0,1.2,141.0,3.5,16.5,54.0,7800.0,6.2,no,no,no,good,no,no,notckd,yes,Stage 3,user397,user397@example.com,password123,+639258580002
397,12.0,80.0,1.02,0.0,0.0,normal,normal,notpresent,notpresent,100.0,26.0,0.6,137.0,4.4,15.8,49.0,6600.0,5.4,no,no,no,good,no,no,notckd,yes,Stage 1-2,user398,user398@example.com,password123,+639194230826
398,17.0,60.0,1.025,0.0,0.0,normal,normal,notpresent,notpresent,114.0,50.0,1.0,135.0,4.9,14.2,51.0,7200.0,5.9,no,no,no,good,no,no,notckd,no,Stage 1-2,user399,user399@example.com,password123,+639481284545
399,58.0,80.0,1.025,0.0,0.0,normal,normal,notpresent,notpresent,131.0,18.0,1.1,141.0,3.5,15.8,53.0,6800.0,6.1,no,no,no,good,no,no,notckd,no,Stage 1-2,user400,user400@example.com,password123,+639918938916
